[{"model": "core.sucursales", "pk": 1, "fields": {"nombre": "SUCURSAL CAPIATÁ", "mapa": "https://www.google.com/maps/embed?pb=!1m17!1m12!1m3!1d3604.2741287606873!2d-57.475880999999994!3d-25.395633!2m3!1f0!2f0!3f0!3m2!1i1024!2i768!4f13.1!3m2!1m1!2zMjXCsDIzJzQ0LjMiUyA1N8KwMjgnMzMuMiJX!5e0!3m2!1ses-419!2sve!4v1688423228140!5m2!1ses-419!2sve", "direccion": "Sargento Velasco y Vecinal Edid González | Barrio Posta Yvycuá | Capiatá Ruta 1", "tlf": "(021) 339 8404", "email": "recepcioncap@upisa.com.py", "es_central": true}}, {"model": "core.sucursales", "pk": 2, "fields": {"nombre": "SUCURSAL SANTA ROSA DEL AGUARAY", "mapa": "https://www.google.com/maps/embed?pb=!1m17!1m12!1m3!1d3650.173058168608!2d-56.50725!3d-23.8124444!2m3!1f0!2f0!3f0!3m2!1i1024!2i768!4f13.1!3m2!1m1!2zMjPCsDQ4JzQ0LjgiUyA1NsKwMzAnMjYuMSJX!5e0!3m2!1ses!2sve!4v1688423389503!5m2!1ses!2sve", "direccion": "Ruta PY03 | Santa Rosa del Aguaray", "tlf": "(0985) 737 706", "email": null, "es_central": false}}, {"model": "core.sucursales", "pk": 3, "fields": {"nombre": "SUCURSAL CONCEPCIÓN", "mapa": "https://www.google.com/maps/embed?pb=!1m17!1m12!1m3!1d3661.6746469559776!2d-57.441181020484926!3d-23.399984530336496!2m3!1f0!2f0!3f0!3m2!1i1024!2i768!4f13.1!3m2!1m1!2zMjPCsDI0JzAxLjAiUyA1N8KwMjYnMzYuNyJX!5e0!3m2!1ses-419!2sve!4v1688423832056!5m2!1ses-020!5", "direccion": "Monseñor Sinforiano Bogarín esq. 14 de mayo | Concepción", "tlf": "(0986) 456 228", "email": null, "es_central": false}}, {"model": "core.sucursales", "pk": 4, "fields": {"nombre": "FRAM PLANTA INDUSTRIAL", "mapa": "https://www.google.com/maps/embed?pb=!1m17!1m12!1m3!1d3553.758661928924!2d-55.939524999999996!3d-27.037791!2m3!1f0!2f0!3f0!3m2!1i1024!2i768!4f13.1!3m2!1m1!2zMjfCsDAyJzE2LjEiUyA1NcKwNTYnMjIuMyJX!5e0!3m2!1ses-419!2spy!4v1688487017263!5m2!1ses-419!2spy", "direccion": "Ruta Graneros del Sur Km. 28 esq. Calle M | Fram", "tlf": "(021) 327 0811", "email": "recepcion@upisa.com.py", "es_central": false}}, {"model": "core.sucursales", "pk": 5, "fields": {"nombre": "SUCURSAL FRAM", "mapa": "https://www.google.com/maps/embed?pb=!1m14!1m8!1m3!1d862.5702269961212!2d-56.0242236!3d-27.0922926!3m2!1i1024!2i768!4f13.1!3m3!1m2!1s0x9457887f17e5ff75%3A0x9cc8ce0189da87bc!2sWX5G%2B3Q7%2C%20Fram!5e1!3m2!1ses-419!2spy!4v1688487112188!5m2!1ses-419!2spy", "direccion": "José Leandro Oviedo esq. Alto Paraná | Fram", "tlf": "(0995) 360 699", "email": null, "es_central": false}}, {"model": "core.sucursales", "pk": 6, "fields": {"nombre": "SUCURSAL C.D.E", "mapa": "https://www.google.com/maps/embed?pb=!1m17!1m12!1m3!1d3600.5369264617652!2d-54.66286900000001!3d-25.520486!2m3!1f0!2f0!3f0!3m2!1i1024!2i768!4f13.1!3m2!1m1!2zMjXCsDMxJzEzLjgiUyA1NMKwMzknNDYuMyJX!5e0!3m2!1ses-419!2spy!4v1688487211298!5m2!1ses-419!2spy", "direccion": "Corredor Sur casi Fulgencio Yegros | Ciudad del Este", "tlf": "(0994) 860 192", "email": null, "es_central": false}}, {"model": "core.sucursales", "pk": 7, "fields": {"nombre": "SUCURSAL CAAGUAZÚ", "mapa": "https://www.google.com/maps/embed?pb=!1m17!1m12!1m3!1d3602.321948702491!2d-56.014174!3d-25.460922999999998!2m3!1f0!2f0!3f0!3m2!1i1024!2i768!4f13.1!3m2!1m1!2zMjXCsDI3JzM5LjMiUyA1NsKwMDAnNTEuMCJX!5e0!3m2!1ses-419!2spy!4v1688487250932!5m2!1ses-419!2spy", "direccion": "Enrique Vera casi Av. Dr. Juan M. Frutos | Caaguazú", "tlf": "(0994) 851 036", "email": null, "es_central": false}}, {"model": "core.homebanner", "pk": 1, "fields": {"order": 1, "desktop": "banners/Banner_web_1920px_845px_UPISA_1.jpg", "movil": "banners/Banner_web_1920px_845px__mobile_1_ysTzpR6.jpg"}}, {"model": "core.homebanner", "pk": 2, "fields": {"order": 2, "desktop": "banners/Banner_web_1920px_845px_UPISA_2_IMIxRPm.jpg", "movil": "banners/Banner_web_1920px_845px__mobile_2_VS0c89d.jpg"}}, {"model": "core.homebanner", "pk": 3, "fields": {"order": 3, "desktop": "banners/bannerSalchicha02.jpg", "movil": "banners/bannerSalchicha02-mobile.jpg"}}, {"model": "posts.tag", "pk": 1, "fields": {"nombre": "TipsUpisa", "nombre_es": "TipsUpisa", "nombre_en": null, "nombre_ru": null, "nombre_zh_hans": null, "icon": "#"}}, {"model": "posts.trucosyconsejos", "pk": 1, "fields": {"titulo": "Asado con parrilla pequeña", "titulo_es": "Asado con parrilla pequeña", "titulo_en": null, "titulo_ru": null, "titulo_zh_hans": null, "url": "asado-con-parrilla-pequena", "portada": "parrilla_yduI6kQ.jpg", "contenido": "<p style=\"text-align: center; font-size: 36px; line-height: 1.2em;\"><i>Si estás haciendo asado, pero tienes una parrilla muy pequeña, el primer corte que debe entrar a cocinarse es el de cerdo. Esto, porque esta carne requiere un mayor punto de cocción.</i></p>", "contenido_es": "<p style=\"text-align: center; font-size: 36px; line-height: 1.2em;\"><i>Si estás haciendo asado, pero tienes una parrilla muy pequeña, el primer corte que debe entrar a cocinarse es el de cerdo. Esto, porque esta carne requiere un mayor punto de cocción.</i></p>", "contenido_en": "", "contenido_ru": "", "contenido_zh_hans": "", "publicar": "2023-02-08", "tag": [1]}}, {"model": "posts.trucosyconsejos", "pk": 2, "fields": {"titulo": "Limpieza de la parrilla", "titulo_es": "Limpieza de la parrilla", "titulo_en": null, "titulo_ru": null, "titulo_zh_hans": null, "url": "limpieza-de-la-parrilla", "portada": "parrilla-2.jpg", "contenido": "<p style=\"text-align: center; font-size: 36px; line-height: 1.2em;\"><i>Limpiá la grasa que quedó pegada del asado anterior.</i></p><p style=\"text-align: center; font-size: 36px; line-height: 1.2em;\"><i>¡Que nada interrumpa el sabor original de la carne de cerdo!</i></p>", "contenido_es": "<p style=\"text-align: center; font-size: 36px; line-height: 1.2em;\"><i>Limpiá la grasa que quedó pegada del asado anterior.</i></p><p style=\"text-align: center; font-size: 36px; line-height: 1.2em;\"><i>¡Que nada interrumpa el sabor original de la carne de cerdo!</i></p>", "contenido_en": "", "contenido_ru": "", "contenido_zh_hans": "", "publicar": "2023-02-08", "tag": [1]}}, {"model": "posts.novedades", "pk": 2, "fields": {"titulo": "Exportador del año", "titulo_es": "Exportador del año", "titulo_en": null, "titulo_ru": null, "titulo_zh_hans": null, "url": "exportador-del-ano", "portada": "export.jpg", "contenido": "<p class=\"MsoNormal\"><i><span style=\"font-size: 10pt; color: black; background-image: initial; background-position: initial; background-size: initial; background-repeat: initial; background-attachment: initial; background-origin: initial; background-clip: initial;\">El pasado 21 de junio <span class=\"contentpasted1\"><span style=\"letter-spacing:-.25pt\">se llevó a cabo la\r\ndécima edición del prestigioso premio \"Exportador del Año\",\r\norganizado por 5Días en el salón de eventos del Paseo La Galería. El evento\r\nreunió a las principales empresas que destacan por su destacada labor en el mercado\r\ninternacional, promoviendo la producción nacional y consolidando a Paraguay\r\ncomo un jugador relevante en el comercio global. E</span></span>l Frigorífico\r\nUpisa conquistó nuevamente el galardón de EXPORTADOR DEL AÑO en la categoría\r\ncarne porcina. Nuestros productos de calidad y el compromiso con nuestros\r\nclientes nos hacen merecedores de este premio.&nbsp;</span></i><span class=\"contentpasted0\"><i><span style=\"font-size: 10.5pt; font-family: &quot;Segoe UI&quot;, sans-serif; color: black; background-image: initial; background-position: initial; background-size: initial; background-repeat: initial; background-attachment: initial; background-origin: initial; background-clip: initial;\">Orgullosos\r\nde seguir siendo los referentes de la industria y de exportar&nbsp;</span></i></span><a href=\"https://www.instagram.com/explore/tags/calidadparaelmundo/\"><i><span style=\"font-size: 10.5pt; font-family: &quot;Segoe UI&quot;, sans-serif; border: 1pt none windowtext; padding: 0cm; background-image: initial; background-position: initial; background-size: initial; background-repeat: initial; background-attachment: initial; background-origin: initial; background-clip: initial;\">#calidadparaelmundo</span></i></a><span class=\"contentpasted0\"><i><span style=\"font-size: 10.5pt; font-family: &quot;Segoe UI&quot;, sans-serif; color: black; background-image: initial; background-position: initial; background-size: initial; background-repeat: initial; background-attachment: initial; background-origin: initial; background-clip: initial;\">&nbsp;</span></i></span><a href=\"https://www.instagram.com/explore/tags/marcapais/\"><i><span style=\"font-size: 10.5pt; font-family: &quot;Segoe UI&quot;, sans-serif; border: 1pt none windowtext; padding: 0cm; background-image: initial; background-position: initial; background-size: initial; background-repeat: initial; background-attachment: initial; background-origin: initial; background-clip: initial;\">#marcapais</span></i></a><span class=\"contentpasted0\"><i><span style=\"font-size: 10.5pt; font-family: &quot;Segoe UI&quot;, sans-serif; color: black; background-image: initial; background-position: initial; background-size: initial; background-repeat: initial; background-attachment: initial; background-origin: initial; background-clip: initial;\">&nbsp;</span></i></span><span style=\"font-size:10.0pt;mso-fareast-font-family:&quot;Times New Roman&quot;;color:black\"><o:p></o:p></span></p>", "contenido_es": "<p class=\"MsoNormal\"><i><span style=\"font-size: 10pt; color: black; background-image: initial; background-position: initial; background-size: initial; background-repeat: initial; background-attachment: initial; background-origin: initial; background-clip: initial;\">El pasado 21 de junio <span class=\"contentpasted1\"><span style=\"letter-spacing:-.25pt\">se llevó a cabo la\r\ndécima edición del prestigioso premio \"Exportador del Año\",\r\norganizado por 5Días en el salón de eventos del Paseo La Galería. El evento\r\nreunió a las principales empresas que destacan por su destacada labor en el mercado\r\ninternacional, promoviendo la producción nacional y consolidando a Paraguay\r\ncomo un jugador relevante en el comercio global. E</span></span>l Frigorífico\r\nUpisa conquistó nuevamente el galardón de EXPORTADOR DEL AÑO en la categoría\r\ncarne porcina. Nuestros productos de calidad y el compromiso con nuestros\r\nclientes nos hacen merecedores de este premio.&nbsp;</span></i><span class=\"contentpasted0\"><i><span style=\"font-size: 10.5pt; font-family: &quot;Segoe UI&quot;, sans-serif; color: black; background-image: initial; background-position: initial; background-size: initial; background-repeat: initial; background-attachment: initial; background-origin: initial; background-clip: initial;\">Orgullosos\r\nde seguir siendo los referentes de la industria y de exportar&nbsp;</span></i></span><a href=\"https://www.instagram.com/explore/tags/calidadparaelmundo/\"><i><span style=\"font-size: 10.5pt; font-family: &quot;Segoe UI&quot;, sans-serif; border: 1pt none windowtext; padding: 0cm; background-image: initial; background-position: initial; background-size: initial; background-repeat: initial; background-attachment: initial; background-origin: initial; background-clip: initial;\">#calidadparaelmundo</span></i></a><span class=\"contentpasted0\"><i><span style=\"font-size: 10.5pt; font-family: &quot;Segoe UI&quot;, sans-serif; color: black; background-image: initial; background-position: initial; background-size: initial; background-repeat: initial; background-attachment: initial; background-origin: initial; background-clip: initial;\">&nbsp;</span></i></span><a href=\"https://www.instagram.com/explore/tags/marcapais/\"><i><span style=\"font-size: 10.5pt; font-family: &quot;Segoe UI&quot;, sans-serif; border: 1pt none windowtext; padding: 0cm; background-image: initial; background-position: initial; background-size: initial; background-repeat: initial; background-attachment: initial; background-origin: initial; background-clip: initial;\">#marcapais</span></i></a><span class=\"contentpasted0\"><i><span style=\"font-size: 10.5pt; font-family: &quot;Segoe UI&quot;, sans-serif; color: black; background-image: initial; background-position: initial; background-size: initial; background-repeat: initial; background-attachment: initial; background-origin: initial; background-clip: initial;\">&nbsp;</span></i></span><span style=\"font-size:10.0pt;mso-fareast-font-family:&quot;Times New Roman&quot;;color:black\"><o:p></o:p></span></p>", "contenido_en": "", "contenido_ru": "", "contenido_zh_hans": "", "publicar": "2023-07-07"}}, {"model": "posts.novedades", "pk": 3, "fields": {"titulo": "Paraguay concreta primer envío de carne porcina a Taiwán", "titulo_es": "Paraguay concreta primer envío de carne porcina a Taiwán", "titulo_en": null, "titulo_ru": null, "titulo_zh_hans": null, "url": "paraguay-concreta-primer-envio-de-carne-porcina-a-taiwan", "portada": "taiwan.jpg", "contenido": "<p class=\"MsoNormal\" style=\"margin-bottom: 0.75pt; text-align: justify; line-height: normal; background-image: initial; background-position: initial; background-size: initial; background-repeat: initial; background-attachment: initial; background-origin: initial; background-clip: initial;\"><b><i><span style=\"font-size:10.5pt;font-family:&quot;Open Sans&quot;,sans-serif;\r\nmso-fareast-font-family:&quot;Times New Roman&quot;;color:#313131;mso-fareast-language:\r\nES-PY\">Paraguay logra concretar su primer embarque de carne porcina a Taiwán\r\nesta semana. La Unión de Productores de Itapúa (Upisa), el único frigorífico\r\nhabilitado para la exportación de productos porcinos, prepara el envío de 72\r\ntoneladas de cortes de cerdo, entre ellos pierna, paleta, lomo, panceta y\r\nbondiola.</span></i></b><span style=\"font-size:10.5pt;font-family:&quot;Open Sans&quot;,sans-serif;\r\nmso-fareast-font-family:&quot;Times New Roman&quot;;color:#313131;mso-fareast-language:\r\nES-PY\"><o:p></o:p></span></p><p class=\"MsoNormal\" style=\"margin-bottom: 0.75pt; line-height: normal; background-image: initial; background-position: initial; background-size: initial; background-repeat: initial; background-attachment: initial; background-origin: initial; background-clip: initial;\"><span style=\"font-size:10.5pt;font-family:&quot;Open Sans&quot;,sans-serif;\r\nmso-fareast-font-family:&quot;Times New Roman&quot;;color:#313131;mso-fareast-language:\r\nES-PY\">&nbsp;<o:p></o:p></span></p><p class=\"MsoNormal\" style=\"margin-bottom: 0.75pt; text-align: justify; line-height: normal; background-image: initial; background-position: initial; background-size: initial; background-repeat: initial; background-attachment: initial; background-origin: initial; background-clip: initial;\"><span style=\"font-size:10.5pt;font-family:&quot;Open Sans&quot;,sans-serif;\r\nmso-fareast-font-family:&quot;Times New Roman&quot;;color:#313131;mso-fareast-language:\r\nES-PY\">UPISA fue el frigorífico encargado de exportar 72 toneladas de la carne\r\nporcina paraguaya congelada distribuidas en tres contenedores que aún se\r\nencuentran en un puerto de la ciudad de Villeta, desde donde saldrán en los\r\npróximos días. Se estima que la carga llegaría a Taiwán en marzo.<o:p></o:p></span></p><p class=\"MsoNormal\" style=\"margin-bottom: 0.75pt; line-height: normal; background-image: initial; background-position: initial; background-size: initial; background-repeat: initial; background-attachment: initial; background-origin: initial; background-clip: initial;\"><span style=\"font-size:10.5pt;font-family:&quot;Open Sans&quot;,sans-serif;\r\nmso-fareast-font-family:&quot;Times New Roman&quot;;color:#313131;mso-fareast-language:\r\nES-PY\">&nbsp;<o:p></o:p></span></p><p class=\"MsoNormal\" style=\"margin-bottom: 0.75pt; text-align: justify; line-height: normal; background-image: initial; background-position: initial; background-size: initial; background-repeat: initial; background-attachment: initial; background-origin: initial; background-clip: initial;\"><span style=\"font-size:10.5pt;font-family:&quot;Open Sans&quot;,sans-serif;\r\nmso-fareast-font-family:&quot;Times New Roman&quot;;color:#313131;mso-fareast-language:\r\nES-PY\">Con este logro, se espera beneficiar tanto al sector productivo como\r\nindustrial, atendiendo que el potencial actual de Taiwán para la exportación de\r\nesta materia prima y sus derivados es de USD 250 millones.<o:p></o:p></span></p><p class=\"MsoNormal\" style=\"margin-bottom: 0.75pt; line-height: normal; background-image: initial; background-position: initial; background-size: initial; background-repeat: initial; background-attachment: initial; background-origin: initial; background-clip: initial;\"><span style=\"font-size:10.5pt;font-family:&quot;Open Sans&quot;,sans-serif;\r\nmso-fareast-font-family:&quot;Times New Roman&quot;;color:#313131;mso-fareast-language:\r\nES-PY\">&nbsp;<o:p></o:p></span></p><p class=\"MsoNormal\" style=\"margin-bottom: 0.75pt; text-align: justify; line-height: normal; background-image: initial; background-position: initial; background-size: initial; background-repeat: initial; background-attachment: initial; background-origin: initial; background-clip: initial;\"><span style=\"font-size:10.5pt;font-family:&quot;Open Sans&quot;,sans-serif;\r\nmso-fareast-font-family:&quot;Times New Roman&quot;;color:#313131;mso-fareast-language:\r\nES-PY\">El Servicio Nacional de Salud y Calidad Animal (Senacsa) destacó este\r\nprimer envío de carne de cerdo a Taiwán, que se materializa luego de dos meses\r\nde haber conseguido la apertura de este mercado (noviembre de 2022), como\r\nresultado del arduo trabajo coordinado entre el sector público y privado, que\r\nllevó tres años y medio de importantes esfuerzos por parte del Gobierno y el\r\nsector productivo.<o:p></o:p></span></p><p class=\"MsoNormal\" style=\"margin-bottom: 0.75pt; line-height: normal; background-image: initial; background-position: initial; background-size: initial; background-repeat: initial; background-attachment: initial; background-origin: initial; background-clip: initial;\"><span style=\"font-size:10.5pt;font-family:&quot;Open Sans&quot;,sans-serif;\r\nmso-fareast-font-family:&quot;Times New Roman&quot;;color:#313131;mso-fareast-language:\r\nES-PY\">&nbsp;<o:p></o:p></span></p><p class=\"MsoNormal\" style=\"margin-bottom: 0.75pt; text-align: justify; line-height: normal; background-image: initial; background-position: initial; background-size: initial; background-repeat: initial; background-attachment: initial; background-origin: initial; background-clip: initial;\"><span style=\"font-size:10.5pt;font-family:&quot;Open Sans&quot;,sans-serif;\r\nmso-fareast-font-family:&quot;Times New Roman&quot;;color:#313131;mso-fareast-language:\r\nES-PY\">Con estos primeros embarques y los próximos que se darán en el año se\r\nespera mejorar la difícil situación que atravesó el sector porcino en el 2022,\r\nque cerró con una caída de más de 43 % de las exportaciones de carne de cerdo.</span><o:p></o:p></p><p>\r\n\r\n\r\n\r\n\r\n\r\n\r\n\r\n\r\n\r\n\r\n\r\n\r\n\r\n\r\n\r\n\r\n\r\n</p><p class=\"MsoNormal\"><o:p>&nbsp;</o:p></p>", "contenido_es": "<p class=\"MsoNormal\" style=\"margin-bottom: 0.75pt; text-align: justify; line-height: normal; background-image: initial; background-position: initial; background-size: initial; background-repeat: initial; background-attachment: initial; background-origin: initial; background-clip: initial;\"><b><i><span style=\"font-size:10.5pt;font-family:&quot;Open Sans&quot;,sans-serif;\r\nmso-fareast-font-family:&quot;Times New Roman&quot;;color:#313131;mso-fareast-language:\r\nES-PY\">Paraguay logra concretar su primer embarque de carne porcina a Taiwán\r\nesta semana. La Unión de Productores de Itapúa (Upisa), el único frigorífico\r\nhabilitado para la exportación de productos porcinos, prepara el envío de 72\r\ntoneladas de cortes de cerdo, entre ellos pierna, paleta, lomo, panceta y\r\nbondiola.</span></i></b><span style=\"font-size:10.5pt;font-family:&quot;Open Sans&quot;,sans-serif;\r\nmso-fareast-font-family:&quot;Times New Roman&quot;;color:#313131;mso-fareast-language:\r\nES-PY\"><o:p></o:p></span></p><p class=\"MsoNormal\" style=\"margin-bottom: 0.75pt; line-height: normal; background-image: initial; background-position: initial; background-size: initial; background-repeat: initial; background-attachment: initial; background-origin: initial; background-clip: initial;\"><span style=\"font-size:10.5pt;font-family:&quot;Open Sans&quot;,sans-serif;\r\nmso-fareast-font-family:&quot;Times New Roman&quot;;color:#313131;mso-fareast-language:\r\nES-PY\">&nbsp;<o:p></o:p></span></p><p class=\"MsoNormal\" style=\"margin-bottom: 0.75pt; text-align: justify; line-height: normal; background-image: initial; background-position: initial; background-size: initial; background-repeat: initial; background-attachment: initial; background-origin: initial; background-clip: initial;\"><span style=\"font-size:10.5pt;font-family:&quot;Open Sans&quot;,sans-serif;\r\nmso-fareast-font-family:&quot;Times New Roman&quot;;color:#313131;mso-fareast-language:\r\nES-PY\">UPISA fue el frigorífico encargado de exportar 72 toneladas de la carne\r\nporcina paraguaya congelada distribuidas en tres contenedores que aún se\r\nencuentran en un puerto de la ciudad de Villeta, desde donde saldrán en los\r\npróximos días. Se estima que la carga llegaría a Taiwán en marzo.<o:p></o:p></span></p><p class=\"MsoNormal\" style=\"margin-bottom: 0.75pt; line-height: normal; background-image: initial; background-position: initial; background-size: initial; background-repeat: initial; background-attachment: initial; background-origin: initial; background-clip: initial;\"><span style=\"font-size:10.5pt;font-family:&quot;Open Sans&quot;,sans-serif;\r\nmso-fareast-font-family:&quot;Times New Roman&quot;;color:#313131;mso-fareast-language:\r\nES-PY\">&nbsp;<o:p></o:p></span></p><p class=\"MsoNormal\" style=\"margin-bottom: 0.75pt; text-align: justify; line-height: normal; background-image: initial; background-position: initial; background-size: initial; background-repeat: initial; background-attachment: initial; background-origin: initial; background-clip: initial;\"><span style=\"font-size:10.5pt;font-family:&quot;Open Sans&quot;,sans-serif;\r\nmso-fareast-font-family:&quot;Times New Roman&quot;;color:#313131;mso-fareast-language:\r\nES-PY\">Con este logro, se espera beneficiar tanto al sector productivo como\r\nindustrial, atendiendo que el potencial actual de Taiwán para la exportación de\r\nesta materia prima y sus derivados es de USD 250 millones.<o:p></o:p></span></p><p class=\"MsoNormal\" style=\"margin-bottom: 0.75pt; line-height: normal; background-image: initial; background-position: initial; background-size: initial; background-repeat: initial; background-attachment: initial; background-origin: initial; background-clip: initial;\"><span style=\"font-size:10.5pt;font-family:&quot;Open Sans&quot;,sans-serif;\r\nmso-fareast-font-family:&quot;Times New Roman&quot;;color:#313131;mso-fareast-language:\r\nES-PY\">&nbsp;<o:p></o:p></span></p><p class=\"MsoNormal\" style=\"margin-bottom: 0.75pt; text-align: justify; line-height: normal; background-image: initial; background-position: initial; background-size: initial; background-repeat: initial; background-attachment: initial; background-origin: initial; background-clip: initial;\"><span style=\"font-size:10.5pt;font-family:&quot;Open Sans&quot;,sans-serif;\r\nmso-fareast-font-family:&quot;Times New Roman&quot;;color:#313131;mso-fareast-language:\r\nES-PY\">El Servicio Nacional de Salud y Calidad Animal (Senacsa) destacó este\r\nprimer envío de carne de cerdo a Taiwán, que se materializa luego de dos meses\r\nde haber conseguido la apertura de este mercado (noviembre de 2022), como\r\nresultado del arduo trabajo coordinado entre el sector público y privado, que\r\nllevó tres años y medio de importantes esfuerzos por parte del Gobierno y el\r\nsector productivo.<o:p></o:p></span></p><p class=\"MsoNormal\" style=\"margin-bottom: 0.75pt; line-height: normal; background-image: initial; background-position: initial; background-size: initial; background-repeat: initial; background-attachment: initial; background-origin: initial; background-clip: initial;\"><span style=\"font-size:10.5pt;font-family:&quot;Open Sans&quot;,sans-serif;\r\nmso-fareast-font-family:&quot;Times New Roman&quot;;color:#313131;mso-fareast-language:\r\nES-PY\">&nbsp;<o:p></o:p></span></p><p class=\"MsoNormal\" style=\"margin-bottom: 0.75pt; text-align: justify; line-height: normal; background-image: initial; background-position: initial; background-size: initial; background-repeat: initial; background-attachment: initial; background-origin: initial; background-clip: initial;\"><span style=\"font-size:10.5pt;font-family:&quot;Open Sans&quot;,sans-serif;\r\nmso-fareast-font-family:&quot;Times New Roman&quot;;color:#313131;mso-fareast-language:\r\nES-PY\">Con estos primeros embarques y los próximos que se darán en el año se\r\nespera mejorar la difícil situación que atravesó el sector porcino en el 2022,\r\nque cerró con una caída de más de 43 % de las exportaciones de carne de cerdo.</span><o:p></o:p></p><p>\r\n\r\n\r\n\r\n\r\n\r\n\r\n\r\n\r\n\r\n\r\n\r\n\r\n\r\n\r\n\r\n\r\n\r\n</p><p class=\"MsoNormal\"><o:p>&nbsp;</o:p></p>", "contenido_en": "", "contenido_ru": "", "contenido_zh_hans": "", "publicar": "2023-07-07"}}, {"model": "posts.novedades", "pk": 4, "fields": {"titulo": "UPISA: “la apertura de nuevos mercados sigue siendo parte de nuestra agenda”", "titulo_es": "UPISA: “la apertura de nuevos mercados sigue siendo parte de nuestra agenda”", "titulo_en": null, "titulo_ru": null, "titulo_zh_hans": null, "url": "upisa-la-apertura-de-nuevos-mercados-sigue-siendo-parte-de-nuestra-agenda", "portada": "ceo.jpg", "contenido": "<p class=\"MsoNormal\">UPISA es una de las empresas más importantes en el\r\ndepartamento de Itapúa, por su alto impacto socioeconómico. No solo por la\r\ncapacidad de generación de empleos directos, sino por la capacidad de\r\ngeneración de valor agregado en sus materias primas. Además, hoy es reconocida\r\ncomo Marca País, es decir, emblema de la carne porcina de Paraguay ante el\r\nmundo.<o:p></o:p></p><p class=\"has-drop-cap\" style=\"margin: 0cm 0cm 12pt; background-image: initial; background-position: initial; background-size: initial; background-repeat: initial; background-attachment: initial; background-origin: initial; background-clip: initial;\"><strong><span style=\"font-family:&quot;Arial&quot;,sans-serif;\r\ncolor:#444444\">UPISA es una de las empresas más importantes en el departamento\r\nde Itapúa, por su alto impacto socioeconómico. No solo por la capacidad de\r\ngeneración de empleos directos, sino por la capacidad de generación de valor\r\nagregado en sus materias primas. Además, hoy es reconocida como Marca País, es\r\ndecir, emblema de la carne porcina de Paraguay ante el mundo.</span></strong><span style=\"font-family:&quot;Arial&quot;,sans-serif;color:#444444\"><o:p></o:p></span></p><p style=\"margin: 0cm 0cm 12pt; background-image: initial; background-position: initial; background-size: initial; background-repeat: initial; background-attachment: initial; background-origin: initial; background-clip: initial;\"><span style=\"font-family:&quot;Arial&quot;,sans-serif;color:#444444\">UPISA\r\nfue fundada en la ciudad de Fram en enero del 2000, a partir de la unión de\r\nempresas emblemáticas de la producción de cerdo y cooperativas agropecuarias.\r\nDesde entonces, ha velado por el objetivo de industrializar la materia prima y\r\nconvertirla en productos terminados con calidad de exportación.<o:p></o:p></span></p><p style=\"margin: 0cm 0cm 12pt; background-image: initial; background-position: initial; background-size: initial; background-repeat: initial; background-attachment: initial; background-origin: initial; background-clip: initial;\"><span style=\"font-family:&quot;Arial&quot;,sans-serif;color:#444444\">El\r\nClúster Unión de Productores de Itapúa S.A.-UPISA, está constituido por\r\nimportantes empresas de la región. Entre ellas podemos cita a Cooperativa\r\nColonias Unidas, Oleaginosa Raatz S.A., Cabaña Nido S.A., Granja San Bernardo\r\nS.A, Cooperativa Raúl Peña, Cooperativa Naranjito, Cooperativa Pindo,\r\nCooperativa Naranjal, Cooperativa Unión Curupayty y otros 71 accionistas\r\nparticulares.<o:p></o:p></span></p><p style=\"margin: 0cm 0cm 12pt; background-image: initial; background-position: initial; background-size: initial; background-repeat: initial; background-attachment: initial; background-origin: initial; background-clip: initial;\"><span style=\"font-family:&quot;Arial&quot;,sans-serif;color:#444444\">Desde\r\nhace más de 20 años, este conjunto de empresas ha apostado y acompañado el\r\npujante crecimiento del sector porcino en Paraguay. En esta tarea, hoy ofrece\r\nempleo directo a 1.000 personas y cuenta con varias sucursales en toda la\r\nrepública, especialmente en las ciudades más importantes a nivel industrial.<o:p></o:p></span></p><p>\r\n\r\n\r\n\r\n\r\n\r\n\r\n\r\n\r\n\r\n</p><p class=\"MsoNormal\"><o:p>&nbsp;</o:p></p>", "contenido_es": "<p class=\"MsoNormal\">UPISA es una de las empresas más importantes en el\r\ndepartamento de Itapúa, por su alto impacto socioeconómico. No solo por la\r\ncapacidad de generación de empleos directos, sino por la capacidad de\r\ngeneración de valor agregado en sus materias primas. Además, hoy es reconocida\r\ncomo Marca País, es decir, emblema de la carne porcina de Paraguay ante el\r\nmundo.<o:p></o:p></p><p class=\"has-drop-cap\" style=\"margin: 0cm 0cm 12pt; background-image: initial; background-position: initial; background-size: initial; background-repeat: initial; background-attachment: initial; background-origin: initial; background-clip: initial;\"><strong><span style=\"font-family:&quot;Arial&quot;,sans-serif;\r\ncolor:#444444\">UPISA es una de las empresas más importantes en el departamento\r\nde Itapúa, por su alto impacto socioeconómico. No solo por la capacidad de\r\ngeneración de empleos directos, sino por la capacidad de generación de valor\r\nagregado en sus materias primas. Además, hoy es reconocida como Marca País, es\r\ndecir, emblema de la carne porcina de Paraguay ante el mundo.</span></strong><span style=\"font-family:&quot;Arial&quot;,sans-serif;color:#444444\"><o:p></o:p></span></p><p style=\"margin: 0cm 0cm 12pt; background-image: initial; background-position: initial; background-size: initial; background-repeat: initial; background-attachment: initial; background-origin: initial; background-clip: initial;\"><span style=\"font-family:&quot;Arial&quot;,sans-serif;color:#444444\">UPISA\r\nfue fundada en la ciudad de Fram en enero del 2000, a partir de la unión de\r\nempresas emblemáticas de la producción de cerdo y cooperativas agropecuarias.\r\nDesde entonces, ha velado por el objetivo de industrializar la materia prima y\r\nconvertirla en productos terminados con calidad de exportación.<o:p></o:p></span></p><p style=\"margin: 0cm 0cm 12pt; background-image: initial; background-position: initial; background-size: initial; background-repeat: initial; background-attachment: initial; background-origin: initial; background-clip: initial;\"><span style=\"font-family:&quot;Arial&quot;,sans-serif;color:#444444\">El\r\nClúster Unión de Productores de Itapúa S.A.-UPISA, está constituido por\r\nimportantes empresas de la región. Entre ellas podemos cita a Cooperativa\r\nColonias Unidas, Oleaginosa Raatz S.A., Cabaña Nido S.A., Granja San Bernardo\r\nS.A, Cooperativa Raúl Peña, Cooperativa Naranjito, Cooperativa Pindo,\r\nCooperativa Naranjal, Cooperativa Unión Curupayty y otros 71 accionistas\r\nparticulares.<o:p></o:p></span></p><p style=\"margin: 0cm 0cm 12pt; background-image: initial; background-position: initial; background-size: initial; background-repeat: initial; background-attachment: initial; background-origin: initial; background-clip: initial;\"><span style=\"font-family:&quot;Arial&quot;,sans-serif;color:#444444\">Desde\r\nhace más de 20 años, este conjunto de empresas ha apostado y acompañado el\r\npujante crecimiento del sector porcino en Paraguay. En esta tarea, hoy ofrece\r\nempleo directo a 1.000 personas y cuenta con varias sucursales en toda la\r\nrepública, especialmente en las ciudades más importantes a nivel industrial.<o:p></o:p></span></p><p>\r\n\r\n\r\n\r\n\r\n\r\n\r\n\r\n\r\n\r\n</p><p class=\"MsoNormal\"><o:p>&nbsp;</o:p></p>", "contenido_en": "", "contenido_ru": "", "contenido_zh_hans": "", "publicar": "2023-07-07"}}, {"model": "posts.galeriatrucosyconsejos", "pk": 1, "fields": {"imagen": "parrilla-2_Kl3Jg2b.jpg", "post": 2}}, {"model": "posts.galeriatrucosyconsejos", "pk": 2, "fields": {"imagen": "parrilla_nfbTrDK.jpg", "post": 1}}, {"model": "posts.galerianovedades", "pk": 2, "fields": {"imagen": "export_yLBsOeY.jpg", "post": 2}}, {"model": "posts.galerianovedades", "pk": 3, "fields": {"imagen": "export_TQBsRtA.jpg", "post": 3}}, {"model": "posts.galerianovedades", "pk": 4, "fields": {"imagen": "ceo_SAYh6CI.jpg", "post": 4}}, {"model": "products.categoria", "pk": 1, "fields": {"nombre": "EMBUTIDOS", "nombre_es": "EMBUTIDOS", "nombre_en": null, "nombre_ru": null, "nombre_zh_hans": null, "url": "embutidos"}}, {"model": "products.categoria", "pk": 2, "fields": {"nombre": "JAMONES Y FIAMBRES", "nombre_es": "JAMONES Y FIAMBRES", "nombre_en": null, "nombre_ru": null, "nombre_zh_hans": null, "url": "jamones-y-fiambres"}}, {"model": "products.categoria", "pk": 4, "fields": {"nombre": "CORTES DE CERDO", "nombre_es": "CORTES DE CERDO", "nombre_en": null, "nombre_ru": null, "nombre_zh_hans": null, "url": "cortes-de-cerdo"}}, {"model": "products.categoriasub", "pk": 1, "fields": {"categoria": 1, "nombre": "CHORIZO", "nombre_es": "CHORIZO", "nombre_en": null, "nombre_ru": null, "nombre_zh_hans": null, "url": "chorizo"}}, {"model": "products.categoriasub", "pk": 2, "fields": {"categoria": 1, "nombre": "EMBUTIDOS RANCHO", "nombre_es": "EMBUTIDOS RANCHO", "nombre_en": null, "nombre_ru": null, "nombre_zh_hans": null, "url": "embutidos-rancho"}}, {"model": "products.categoriasub", "pk": 3, "fields": {"categoria": 2, "nombre": "FIAMBRES", "nombre_es": "FIAMBRES", "nombre_en": null, "nombre_ru": null, "nombre_zh_hans": null, "url": "fiambres"}}, {"model": "products.categoriasub", "pk": 4, "fields": {"categoria": 2, "nombre": "JAMONES", "nombre_es": "JAMONES", "nombre_en": null, "nombre_ru": null, "nombre_zh_hans": null, "url": "jamones"}}, {"model": "products.categoriasub", "pk": 5, "fields": {"categoria": 1, "nombre": "MORCILLAS Y PANCHOS", "nombre_es": "MORCILLAS Y PANCHOS", "nombre_en": null, "nombre_ru": null, "nombre_zh_hans": null, "url": "morcillas-y-panchos"}}, {"model": "products.categoriasub", "pk": 7, "fields": {"categoria": 4, "nombre": "AHUMADOS", "nombre_es": "AHUMADOS", "nombre_en": null, "nombre_ru": null, "nombre_zh_hans": null, "url": "ahumados"}}, {"model": "products.categoriasub", "pk": 8, "fields": {"categoria": 4, "nombre": "CONDIMENTADOS", "nombre_es": "CONDIMENTADOS", "nombre_en": null, "nombre_ru": null, "nombre_zh_hans": null, "url": "condimentados"}}, {"model": "products.categoriasub", "pk": 9, "fields": {"categoria": 4, "nombre": "NATURALES", "nombre_es": "NATURALES", "nombre_en": null, "nombre_ru": null, "nombre_zh_hans": null, "url": "naturales"}}, {"model": "products.categoriasub", "pk": 10, "fields": {"categoria": 4, "nombre": "Congelados", "nombre_es": "Congelados", "nombre_en": null, "nombre_ru": null, "nombre_zh_hans": null, "url": "congelados"}}, {"model": "products.categoriasub", "pk": 11, "fields": {"categoria": 1, "nombre": "Hamburguesas", "nombre_es": "Hamburguesas", "nombre_en": null, "nombre_ru": null, "nombre_zh_hans": null, "url": "hamburguesas"}}, {"model": "products.categoriasub", "pk": 12, "fields": {"categoria": 4, "nombre": "Frescos", "nombre_es": "Frescos", "nombre_en": null, "nombre_ru": null, "nombre_zh_hans": null, "url": "frescos"}}, {"model": "products.categoriasub", "pk": 13, "fields": {"categoria": 1, "nombre": "Pates", "nombre_es": "Pates", "nombre_en": null, "nombre_ru": null, "nombre_zh_hans": null, "url": "pates"}}, {"model": "products.product", "pk": 1, "fields": {"nombre": "Chorizo Parrillero con y sin picante", "nombre_es": "Chorizo Parrillero con y sin picante", "nombre_en": null, "nombre_ru": null, "nombre_zh_hans": null, "url": "chorizo-parrillero-con-y-sin-picante", "miniatura": "Org_UPISA_Chorizo_parrillero_Tradicional.png", "destacado": true, "sub_categoria": 1, "porcion": 500, "unidad": "g (1 paquete)", "descripcion": "<br>", "descripcion_es": "<br>", "descripcion_en": "", "descripcion_ru": "", "descripcion_zh_hans": ""}}, {"model": "products.product", "pk": 2, "fields": {"nombre": "Fiambre Paris Feteado", "nombre_es": "Fiambre Paris Feteado", "nombre_en": null, "nombre_ru": null, "nombre_zh_hans": null, "url": "fiambre-paris-feteado", "miniatura": "fiambre-paris-en-fetas.jpg", "destacado": false, "sub_categoria": 3, "porcion": 200, "unidad": "g (1 paquete)", "descripcion": "", "descripcion_es": "", "descripcion_en": "", "descripcion_ru": "", "descripcion_zh_hans": ""}}, {"model": "products.product", "pk": 3, "fields": {"nombre": "Fiambre Primavera Feteado", "nombre_es": "Fiambre Primavera Feteado", "nombre_en": null, "nombre_ru": null, "nombre_zh_hans": null, "url": "fiambre-primavera-feteado", "miniatura": "fiambre-primavera-en-fetas.jpg", "destacado": true, "sub_categoria": 3, "porcion": 200, "unidad": "g (1 paquete)", "descripcion": "", "descripcion_es": "", "descripcion_en": "", "descripcion_ru": "", "descripcion_zh_hans": ""}}, {"model": "products.product", "pk": 4, "fields": {"nombre": "Fiambre Especial", "nombre_es": "Fiambre Especial", "nombre_en": null, "nombre_ru": null, "nombre_zh_hans": null, "url": "fiambre-especial", "miniatura": "fiambre-especial-en-fetas.jpg", "destacado": false, "sub_categoria": 3, "porcion": 200, "unidad": "g (1 paquete)", "descripcion": "<p style=\"\"><b>Ingredientes:</b>&nbsp;Carne bovina, carne porcina, hielo, tocino, almidón, mezcla de especias (pimienta, comino, ajo), sal fina, glucosa de maiz.</p><p style=\"\"><b>Antioxidante:</b>&nbsp;Eritorbato de Sodio (INS 316)</p><p style=\"\"><b>Estabilizante:</b>&nbsp;Polifosfato de Sodio (INS 452i)</p><p style=\"\"><b>Conservador:</b>&nbsp;Nitrato de Sodio y Nitrito de Sodio (INS 251-250)</p>", "descripcion_es": "<p style=\"\"><b>Ingredientes:</b>&nbsp;Carne bovina, carne porcina, hielo, tocino, almidón, mezcla de especias (pimienta, comino, ajo), sal fina, glucosa de maiz.</p><p style=\"\"><b>Antioxidante:</b>&nbsp;Eritorbato de Sodio (INS 316)</p><p style=\"\"><b>Estabilizante:</b>&nbsp;Polifosfato de Sodio (INS 452i)</p><p style=\"\"><b>Conservador:</b>&nbsp;Nitrato de Sodio y Nitrito de Sodio (INS 251-250)</p>", "descripcion_en": "", "descripcion_ru": "", "descripcion_zh_hans": ""}}, {"model": "products.product", "pk": 5, "fields": {"nombre": "Jamonada Feteada", "nombre_es": "Jamonada Feteada", "nombre_en": null, "nombre_ru": null, "nombre_zh_hans": null, "url": "jamonada-feteada", "miniatura": "Org-UPISA-Jamonada.jpg", "destacado": true, "sub_categoria": 4, "porcion": 200, "unidad": "g (1 paquete)", "descripcion": "<p style=\"\"><b>Ingredientes:</b>&nbsp;Carne porcina,agua,hielo,almidón,sal fina,azúcar,mezcla de especias (pimienta.ajo)</p><p style=\"\"><b>Estabilizante:</b>&nbsp;Polifosfato de Sodio (INS 452i)</p><p style=\"\"><b>Antioxidante:</b>&nbsp;Eritorbato de Sodio (INS 316)</p><p style=\"\"><b>Exaltador de sabor:</b>&nbsp;Glutamato de sodio (INS 621)</p><p style=\"\"><b>Conservador:</b>&nbsp;Nitrato de Sodio y Nitrito de Sodio (INS 251-250)</p><p style=\"\"><b>Colorante:</b>&nbsp;Cochinilla (INS 407)</p><p style=\"\"><b>Espesante:</b>&nbsp;Carragenina (INS 407)</p>", "descripcion_es": "<p style=\"\"><b>Ingredientes:</b>&nbsp;Carne porcina,agua,hielo,almidón,sal fina,azúcar,mezcla de especias (pimienta.ajo)</p><p style=\"\"><b>Estabilizante:</b>&nbsp;Polifosfato de Sodio (INS 452i)</p><p style=\"\"><b>Antioxidante:</b>&nbsp;Eritorbato de Sodio (INS 316)</p><p style=\"\"><b>Exaltador de sabor:</b>&nbsp;Glutamato de sodio (INS 621)</p><p style=\"\"><b>Conservador:</b>&nbsp;Nitrato de Sodio y Nitrito de Sodio (INS 251-250)</p><p style=\"\"><b>Colorante:</b>&nbsp;Cochinilla (INS 407)</p><p style=\"\"><b>Espesante:</b>&nbsp;Carragenina (INS 407)</p>", "descripcion_en": "", "descripcion_ru": "", "descripcion_zh_hans": ""}}, {"model": "products.product", "pk": 6, "fields": {"nombre": "Salchicha", "nombre_es": "Salchicha", "nombre_en": null, "nombre_ru": null, "nombre_zh_hans": null, "url": "salchicha", "miniatura": "salchicha-envasada.jpg", "destacado": false, "sub_categoria": 5, "porcion": 50, "unidad": "g (1 unidad)", "descripcion": "<p style=\"\"><b>Ingredientes:</b>&nbsp;Carne porcina,carne bovina,hielo,agua,glucosa,sal fina,mezcla de especias (ajo,pimientanegra,comino,pimientón,canela,clavo de olor,nuez moscada)</p><p style=\"\"><b>Exaltador de sabor:</b>&nbsp;Glutamato de sodio (INS 621)</p><p style=\"\"><b>Antioxidante:&nbsp;</b>Eritorbato de sodio (INS 316)</p><p style=\"\"><b>Estabilizante:</b>&nbsp;Polisfosfato de sodio (INS 452i)</p><p style=\"\"><b>Regulador de acidez:</b>&nbsp;Citrato de sodio (INS 332 iii)</p><p style=\"\"><b>Aromatizante:&nbsp;</b>Extracto natural de humo liquido&nbsp;</p><p style=\"\"><b>Conservador:</b>&nbsp;Nitrato de sodio y nitrito de sodio (INS 251-250)</p>", "descripcion_es": "<p style=\"\"><b>Ingredientes:</b>&nbsp;Carne porcina,carne bovina,hielo,agua,glucosa,sal fina,mezcla de especias (ajo,pimientanegra,comino,pimientón,canela,clavo de olor,nuez moscada)</p><p style=\"\"><b>Exaltador de sabor:</b>&nbsp;Glutamato de sodio (INS 621)</p><p style=\"\"><b>Antioxidante:&nbsp;</b>Eritorbato de sodio (INS 316)</p><p style=\"\"><b>Estabilizante:</b>&nbsp;Polisfosfato de sodio (INS 452i)</p><p style=\"\"><b>Regulador de acidez:</b>&nbsp;Citrato de sodio (INS 332 iii)</p><p style=\"\"><b>Aromatizante:&nbsp;</b>Extracto natural de humo liquido&nbsp;</p><p style=\"\"><b>Conservador:</b>&nbsp;Nitrato de sodio y nitrito de sodio (INS 251-250)</p>", "descripcion_en": "", "descripcion_ru": "", "descripcion_zh_hans": ""}}, {"model": "products.product", "pk": 7, "fields": {"nombre": "Chorizo de Viena", "nombre_es": "Chorizo de Viena", "nombre_en": null, "nombre_ru": null, "nombre_zh_hans": null, "url": "chorizo-de-viena", "miniatura": "Chorizo-Viena.jpg", "destacado": true, "sub_categoria": 1, "porcion": 500, "unidad": "g (1 paquete)", "descripcion": "", "descripcion_es": "", "descripcion_en": "", "descripcion_ru": "", "descripcion_zh_hans": ""}}, {"model": "products.product", "pk": 8, "fields": {"nombre": "Jamón Cocido Feteado", "nombre_es": "Jamón Cocido Feteado", "nombre_en": null, "nombre_ru": null, "nombre_zh_hans": null, "url": "jamon-cocido-feteado", "miniatura": "Org-UPISA-Jamon-Cocido.jpg", "destacado": false, "sub_categoria": 4, "porcion": 200, "unidad": "g ( 1 paquete)", "descripcion": "<p style=\"\"><b>Ingredientes:</b>&nbsp;Pernil de cerdo,agua,hielo,sal fina,azucar,</p><p style=\"\"><b>Estabilizante:</b>&nbsp;Polisfosfato de sodio (INS 452i)</p><p style=\"\"><b>Antioxidante:</b>&nbsp;Eritorbato de sodio (INS 316)</p><p style=\"\"><b>Espesante:&nbsp;</b>Carragenina (INS 407)</p><p style=\"\"><b>Exaltador de sabor:&nbsp;</b>Glutamato de sodio (INS 621)</p><p style=\"\"><b>Conservador:&nbsp;</b>Nitrato de sodio y nitrito de sodio (INS 251-250)</p><p style=\"\"><b>Colorante:</b>&nbsp;Cochinilla (INS 120)</p>", "descripcion_es": "<p style=\"\"><b>Ingredientes:</b>&nbsp;Pernil de cerdo,agua,hielo,sal fina,azucar,</p><p style=\"\"><b>Estabilizante:</b>&nbsp;Polisfosfato de sodio (INS 452i)</p><p style=\"\"><b>Antioxidante:</b>&nbsp;Eritorbato de sodio (INS 316)</p><p style=\"\"><b>Espesante:&nbsp;</b>Carragenina (INS 407)</p><p style=\"\"><b>Exaltador de sabor:&nbsp;</b>Glutamato de sodio (INS 621)</p><p style=\"\"><b>Conservador:&nbsp;</b>Nitrato de sodio y nitrito de sodio (INS 251-250)</p><p style=\"\"><b>Colorante:</b>&nbsp;Cochinilla (INS 120)</p>", "descripcion_en": "", "descripcion_ru": "", "descripcion_zh_hans": ""}}, {"model": "products.product", "pk": 9, "fields": {"nombre": "Chorizo Prontas Toscana con ajo", "nombre_es": "Chorizo Prontas Toscana con ajo", "nombre_en": null, "nombre_ru": null, "nombre_zh_hans": null, "url": "chorizo-prontas-toscana-con-ajo", "miniatura": "pronta-toscana-con-ajo.jpg", "destacado": false, "sub_categoria": 1, "porcion": 500, "unidad": "g (1 paquete)", "descripcion": "<p style=\"\"><b>Ingredientes:</b>&nbsp;Carne porcina,agua,ajo en pasta,azúcar,sal fina</p><p style=\"\"><b>Antioxidante:</b>&nbsp;Eritorbato de sodio (INS 316)</p><p style=\"\"><b>Estabilizante:</b>&nbsp;Polisfosfato de sodio (INS 452i)</p><p style=\"\"><b>Exaltador de sabor:</b>&nbsp;Glutamato de sodio (INS 621)</p><p style=\"\"><b>Conservador:</b>&nbsp;Nitrato de sodio y nitrito de sodio (INS 251-250)</p><p style=\"\"><b>Colorante:</b>&nbsp;Cochinilla (INS 120)</p>", "descripcion_es": "<p style=\"\"><b>Ingredientes:</b>&nbsp;Carne porcina,agua,ajo en pasta,azúcar,sal fina</p><p style=\"\"><b>Antioxidante:</b>&nbsp;Eritorbato de sodio (INS 316)</p><p style=\"\"><b>Estabilizante:</b>&nbsp;Polisfosfato de sodio (INS 452i)</p><p style=\"\"><b>Exaltador de sabor:</b>&nbsp;Glutamato de sodio (INS 621)</p><p style=\"\"><b>Conservador:</b>&nbsp;Nitrato de sodio y nitrito de sodio (INS 251-250)</p><p style=\"\"><b>Colorante:</b>&nbsp;Cochinilla (INS 120)</p>", "descripcion_en": "", "descripcion_ru": "", "descripcion_zh_hans": ""}}, {"model": "products.product", "pk": 10, "fields": {"nombre": "Chorizo Prontas Toscana con Picante", "nombre_es": "Chorizo Prontas Toscana con Picante", "nombre_en": null, "nombre_ru": null, "nombre_zh_hans": null, "url": "chorizo-prontas-toscana-con-picante", "miniatura": "pronta-toscana-picante.jpg", "destacado": false, "sub_categoria": 1, "porcion": 500, "unidad": "g (1 paquete)", "descripcion": "<p style=\"\"><b>Igredientes:</b>&nbsp;Carne porcina,mezcla de especies,mezcla de especias,(ajo en polvo,aji)azúcar,sal fina</p><p style=\"\"><b>Antioxidante:</b>&nbsp;Eritorbato de sodio (INS 316)</p><p style=\"\"><b>Estabilizante:</b>&nbsp;Polifosfato de sodio (INS 425i)</p><p style=\"\"><b>Exaltador de sabor:</b>&nbsp;Glutamato de sodio (INS 621)</p><p style=\"\"><b>Conservador:</b>&nbsp;Nitrato de sodio y nitrito de sodio&nbsp;</p><p style=\"\"><b>Colorante:</b>&nbsp;Cochinilla (INS 120)</p>", "descripcion_es": "<p style=\"\"><b>Igredientes:</b>&nbsp;Carne porcina,mezcla de especies,mezcla de especias,(ajo en polvo,aji)azúcar,sal fina</p><p style=\"\"><b>Antioxidante:</b>&nbsp;Eritorbato de sodio (INS 316)</p><p style=\"\"><b>Estabilizante:</b>&nbsp;Polifosfato de sodio (INS 425i)</p><p style=\"\"><b>Exaltador de sabor:</b>&nbsp;Glutamato de sodio (INS 621)</p><p style=\"\"><b>Conservador:</b>&nbsp;Nitrato de sodio y nitrito de sodio&nbsp;</p><p style=\"\"><b>Colorante:</b>&nbsp;Cochinilla (INS 120)</p>", "descripcion_en": "", "descripcion_ru": "", "descripcion_zh_hans": ""}}, {"model": "products.product", "pk": 11, "fields": {"nombre": "Chorizo Prontas Toscana con Finas hierbas", "nombre_es": "Chorizo Prontas Toscana con Finas hierbas", "nombre_en": null, "nombre_ru": null, "nombre_zh_hans": null, "url": "chorizo-prontas-toscana-con-finas-hierbas", "miniatura": "pronta-toscana-con-finas-hierbas.jpg", "destacado": false, "sub_categoria": 1, "porcion": 500, "unidad": "g (1 paquete)", "descripcion": "<p style=\"\"><b>Ingredientes:</b>&nbsp;Carne porcina,agua,mezcla de especias,(cebollitas en hojas,kuratú,perejil,ajo) azúcar,sal fina</p><p style=\"\"><b>Antioxidante:</b>&nbsp;Eritorbato de sodio (INS 316)</p><p style=\"\"><b>Estabilizante:</b>&nbsp;Polisfosfato de sodio (INS 452i)</p><p style=\"\"><b>Exaltador de sabor:&nbsp;</b>Glutamato de sodio (INS 621)</p><p style=\"\"><b>Conservador:</b>&nbsp;Nitrato de sodio y nitrito de sodio (INS 251-250)</p><p style=\"\"><b>Colorante:</b>&nbsp;Cochinilla (INS 120)</p>", "descripcion_es": "<p style=\"\"><b>Ingredientes:</b>&nbsp;Carne porcina,agua,mezcla de especias,(cebollitas en hojas,kuratú,perejil,ajo) azúcar,sal fina</p><p style=\"\"><b>Antioxidante:</b>&nbsp;Eritorbato de sodio (INS 316)</p><p style=\"\"><b>Estabilizante:</b>&nbsp;Polisfosfato de sodio (INS 452i)</p><p style=\"\"><b>Exaltador de sabor:&nbsp;</b>Glutamato de sodio (INS 621)</p><p style=\"\"><b>Conservador:</b>&nbsp;Nitrato de sodio y nitrito de sodio (INS 251-250)</p><p style=\"\"><b>Colorante:</b>&nbsp;Cochinilla (INS 120)</p>", "descripcion_en": "", "descripcion_ru": "", "descripcion_zh_hans": ""}}, {"model": "products.product", "pk": 12, "fields": {"nombre": "Chorizo Prontas Toscana", "nombre_es": "Chorizo Prontas Toscana", "nombre_en": null, "nombre_ru": null, "nombre_zh_hans": null, "url": "chorizo-prontas-toscana", "miniatura": "pronta-toscana-tradicional.jpg", "destacado": false, "sub_categoria": 1, "porcion": 500, "unidad": "g (1 paquete)", "descripcion": "<p style=\"\"><b>Ingredientes:</b>&nbsp;Carne porcina,agua,tocino,sal fina,mescla de esoecies(pimienta,negra,aji molido,kuratú,ajo,cebollitas en hojas)</p><p style=\"\"><b>Antioxidante:</b>&nbsp;Eritorbato de sodio (INS 316)</p><p style=\"\"><b>Estabilizante:</b>&nbsp;Polifosfato de sodio (INS 452i)</p><p style=\"\"><b>Conservador:</b>&nbsp;Polifosfato de sodio (INS 251-250)</p>", "descripcion_es": "<p style=\"\"><b>Ingredientes:</b>&nbsp;Carne porcina,agua,tocino,sal fina,mescla de esoecies(pimienta,negra,aji molido,kuratú,ajo,cebollitas en hojas)</p><p style=\"\"><b>Antioxidante:</b>&nbsp;Eritorbato de sodio (INS 316)</p><p style=\"\"><b>Estabilizante:</b>&nbsp;Polifosfato de sodio (INS 452i)</p><p style=\"\"><b>Conservador:</b>&nbsp;Polifosfato de sodio (INS 251-250)</p>", "descripcion_en": "", "descripcion_ru": "", "descripcion_zh_hans": ""}}, {"model": "products.product", "pk": 13, "fields": {"nombre": "Jamonada en Barra", "nombre_es": "Jamonada en Barra", "nombre_en": null, "nombre_ru": null, "nombre_zh_hans": null, "url": "jamonada-en-barra", "miniatura": "Org-UPISA-Jamonada-Barra.jpg", "destacado": false, "sub_categoria": 4, "porcion": 3, "unidad": "kg (1 barra)", "descripcion": "<p style=\"\"><b>Ingredientes:</b>&nbsp;Carne porcina,agua,hielo,almidón,sal fina,azúcar,mezcla de especias (pimienta.ajo)</p><p style=\"\"><b>Estabilizante:</b>&nbsp;Polifosfato de Sodio (INS 452i)</p><p style=\"\"><b>Antioxidante:</b>&nbsp;Eritorbato de Sodio (INS 316)</p><p style=\"\"><b>Exaltador de sabor:</b>&nbsp;Glutamato de sodio (INS 621)</p><p style=\"\"><b>Conservador:</b>&nbsp;Nitrato de Sodio y Nitrito de Sodio (INS 251-250)</p><p style=\"\"><b>Colorante:</b>&nbsp;Cochinilla (INS 407)</p><p style=\"\"><b>Espesante:</b>&nbsp;Carragenina (INS 407)</p>", "descripcion_es": "<p style=\"\"><b>Ingredientes:</b>&nbsp;Carne porcina,agua,hielo,almidón,sal fina,azúcar,mezcla de especias (pimienta.ajo)</p><p style=\"\"><b>Estabilizante:</b>&nbsp;Polifosfato de Sodio (INS 452i)</p><p style=\"\"><b>Antioxidante:</b>&nbsp;Eritorbato de Sodio (INS 316)</p><p style=\"\"><b>Exaltador de sabor:</b>&nbsp;Glutamato de sodio (INS 621)</p><p style=\"\"><b>Conservador:</b>&nbsp;Nitrato de Sodio y Nitrito de Sodio (INS 251-250)</p><p style=\"\"><b>Colorante:</b>&nbsp;Cochinilla (INS 407)</p><p style=\"\"><b>Espesante:</b>&nbsp;Carragenina (INS 407)</p>", "descripcion_en": "", "descripcion_ru": "", "descripcion_zh_hans": ""}}, {"model": "products.product", "pk": 14, "fields": {"nombre": "Jamon Cocido en Barra", "nombre_es": "Jamon Cocido en Barra", "nombre_en": null, "nombre_ru": null, "nombre_zh_hans": null, "url": "jamon-cocido-en-barra", "miniatura": "Org-UPISA-Jamon-Barra.jpg", "destacado": false, "sub_categoria": 4, "porcion": 3, "unidad": "kg (1 barra)", "descripcion": "<p style=\"\"><b>Ingredientes:</b>&nbsp;Pernil de cerdo,agua,hielo,sal fina,azucar.</p><p style=\"\"><b>Estabilizante:</b>&nbsp;Polifosfato de Sodio (INS 452i)</p><p style=\"\"><b>Antioxidante:</b>&nbsp;Eritorbato de Sodio (INS 316)</p><p style=\"\"><b>Espesante:</b>&nbsp;Carragenina (INS 407)</p><p style=\"\"><b>Conservador:</b>&nbsp;Nitrato de Sodio y Nitrito de Sodio (INS 251-250)</p><p style=\"\"><b>Exaltador de sabor:</b>&nbsp;Glutamato de sodio (INS 621)</p><p style=\"\"><b>Colorante:</b>&nbsp;Cochinilla (INS 20)</p>", "descripcion_es": "<p style=\"\"><b>Ingredientes:</b>&nbsp;Pernil de cerdo,agua,hielo,sal fina,azucar.</p><p style=\"\"><b>Estabilizante:</b>&nbsp;Polifosfato de Sodio (INS 452i)</p><p style=\"\"><b>Antioxidante:</b>&nbsp;Eritorbato de Sodio (INS 316)</p><p style=\"\"><b>Espesante:</b>&nbsp;Carragenina (INS 407)</p><p style=\"\"><b>Conservador:</b>&nbsp;Nitrato de Sodio y Nitrito de Sodio (INS 251-250)</p><p style=\"\"><b>Exaltador de sabor:</b>&nbsp;Glutamato de sodio (INS 621)</p><p style=\"\"><b>Colorante:</b>&nbsp;Cochinilla (INS 20)</p>", "descripcion_en": "", "descripcion_ru": "", "descripcion_zh_hans": ""}}, {"model": "products.product", "pk": 15, "fields": {"nombre": "Fiambre Especial en Barra", "nombre_es": "Fiambre Especial en Barra", "nombre_en": null, "nombre_ru": null, "nombre_zh_hans": null, "url": "fiambre-especial-en-barra", "miniatura": "Org-UPISA-Especial-Barra.jpg", "destacado": false, "sub_categoria": 3, "porcion": 2, "unidad": "kg (1 barra)", "descripcion": "<p style=\"\"><b>Ingredientes:&nbsp;</b>Carne bovina, carne porcina, hielo, tocino, almidón, mezcla de especias (pimienta, comino, ajo), sal fina, glucosa de maiz.</p><p style=\"\"><b>Antioxidante:</b>&nbsp;Eritorbato de Sodio (INS 316)</p><p style=\"\"><b>Estabilizante:</b>&nbsp;Polifosfato de Sodio (INS 452i)</p><p style=\"\"><b>Conservador:</b>&nbsp;Nitrato de Sodio y Nitrito de Sodio (INS 251-250)</p>", "descripcion_es": "<p style=\"\"><b>Ingredientes:&nbsp;</b>Carne bovina, carne porcina, hielo, tocino, almidón, mezcla de especias (pimienta, comino, ajo), sal fina, glucosa de maiz.</p><p style=\"\"><b>Antioxidante:</b>&nbsp;Eritorbato de Sodio (INS 316)</p><p style=\"\"><b>Estabilizante:</b>&nbsp;Polifosfato de Sodio (INS 452i)</p><p style=\"\"><b>Conservador:</b>&nbsp;Nitrato de Sodio y Nitrito de Sodio (INS 251-250)</p>", "descripcion_en": "", "descripcion_ru": "", "descripcion_zh_hans": ""}}, {"model": "products.product", "pk": 16, "fields": {"nombre": "Fiambre Paris en Barra", "nombre_es": "Fiambre Paris en Barra", "nombre_en": null, "nombre_ru": null, "nombre_zh_hans": null, "url": "fiambre-paris-en-barra", "miniatura": "Paris-barra.jpg", "destacado": false, "sub_categoria": 3, "porcion": 2, "unidad": "kg (1 barra)", "descripcion": "", "descripcion_es": "", "descripcion_en": "", "descripcion_ru": "", "descripcion_zh_hans": ""}}, {"model": "products.product", "pk": 17, "fields": {"nombre": "Fiambre Primavera en Barra", "nombre_es": "Fiambre Primavera en Barra", "nombre_en": null, "nombre_ru": null, "nombre_zh_hans": null, "url": "fiambre-primavera-en-barra", "miniatura": "Fiambre-primavera-barra.jpg", "destacado": false, "sub_categoria": 3, "porcion": 2, "unidad": "kg (1 barra)", "descripcion": "", "descripcion_es": "", "descripcion_en": "", "descripcion_ru": "", "descripcion_zh_hans": ""}}, {"model": "products.product", "pk": 18, "fields": {"nombre": "Mortadela en barra", "nombre_es": "Mortadela en barra", "nombre_en": null, "nombre_ru": null, "nombre_zh_hans": null, "url": "mortadela-en-barra", "miniatura": "mortadela-en-barra.jpg", "destacado": false, "sub_categoria": 3, "porcion": 500, "unidad": "g (1 barra)", "descripcion": "<p style=\"\"><b>Ingredientes:</b>&nbsp;Carne bovina,carne porcina,hielo,tocino,agua,almidón,mezcla de especies,(ajo,kuratú,aji,pimienta,) glucosa, sal fina, leche en polvo,azúcar</p><p style=\"\"><b>Antioxidante:</b>&nbsp;Eritorbato de sodio (INS 316)</p><p style=\"\"><b>Estabilizante:&nbsp;</b>Polifosfato de sodio (INS 452i)</p><p style=\"\"><b>Regulador de acidez:</b>&nbsp;Citrato de sodio (INS 331 iii)</p><p style=\"\"><b>Exaltador de sabor:</b>&nbsp;Glutamato de sodio (INS 621)</p><p style=\"\"><b>Acidalante:</b>&nbsp;Acido cítrico (INS 330)</p><p style=\"\"><b>Conservador:</b>&nbsp;Nitrato de sodio y nitrito de sodio (INS 251-250)</p><p style=\"\"><b>Colorante:</b>&nbsp;Cochinilla (INS 120)</p>", "descripcion_es": "<p style=\"\"><b>Ingredientes:</b>&nbsp;Carne bovina,carne porcina,hielo,tocino,agua,almidón,mezcla de especies,(ajo,kuratú,aji,pimienta,) glucosa, sal fina, leche en polvo,azúcar</p><p style=\"\"><b>Antioxidante:</b>&nbsp;Eritorbato de sodio (INS 316)</p><p style=\"\"><b>Estabilizante:&nbsp;</b>Polifosfato de sodio (INS 452i)</p><p style=\"\"><b>Regulador de acidez:</b>&nbsp;Citrato de sodio (INS 331 iii)</p><p style=\"\"><b>Exaltador de sabor:</b>&nbsp;Glutamato de sodio (INS 621)</p><p style=\"\"><b>Acidalante:</b>&nbsp;Acido cítrico (INS 330)</p><p style=\"\"><b>Conservador:</b>&nbsp;Nitrato de sodio y nitrito de sodio (INS 251-250)</p><p style=\"\"><b>Colorante:</b>&nbsp;Cochinilla (INS 120)</p>", "descripcion_en": "", "descripcion_ru": "", "descripcion_zh_hans": ""}}, {"model": "products.product", "pk": 19, "fields": {"nombre": "Mortadela Feteada", "nombre_es": "Mortadela Feteada", "nombre_en": null, "nombre_ru": null, "nombre_zh_hans": null, "url": "mortadela-feteada", "miniatura": "mortadela-en-fetas.jpg", "destacado": false, "sub_categoria": 3, "porcion": 200, "unidad": "g (1 paquete)", "descripcion": "<p style=\"border-width: 0px; border-style: solid; border-color: rgb(229, 231, 235); --tw-border-spacing-x: 0; --tw-border-spacing-y: 0; --tw-translate-x: 0; --tw-translate-y: 0; --tw-rotate: 0; --tw-skew-x: 0; --tw-skew-y: 0; --tw-scale-x: 1; --tw-scale-y: 1; --tw-pan-x: ; --tw-pan-y: ; --tw-pinch-zoom: ; --tw-scroll-snap-strictness: proximity; --tw-ordinal: ; --tw-slashed-zero: ; --tw-numeric-figure: ; --tw-numeric-spacing: ; --tw-numeric-fraction: ; --tw-ring-inset: ; --tw-ring-offset-width: 0px; --tw-ring-offset-color: #fff; --tw-ring-color: rgb(59 130 246 / 0.5); --tw-ring-offset-shadow: 0 0 #0000; --tw-ring-shadow: 0 0 #0000; --tw-shadow: 0 0 #0000; --tw-shadow-colored: 0 0 #0000; --tw-blur: ; --tw-brightness: ; --tw-contrast: ; --tw-grayscale: ; --tw-hue-rotate: ; --tw-invert: ; --tw-saturate: ; --tw-sepia: ; --tw-drop-shadow: ; --tw-backdrop-blur: ; --tw-backdrop-brightness: ; --tw-backdrop-contrast: ; --tw-backdrop-grayscale: ; --tw-backdrop-hue-rotate: ; --tw-backdrop-invert: ; --tw-backdrop-opacity: ; --tw-backdrop-saturate: ; --tw-backdrop-sepia: ; transition: all 0.5s ease 0s; margin-bottom: 0px; line-height: 15px;\"><span style=\"border-width: 0px; border-style: solid; border-color: rgb(229, 231, 235); --tw-border-spacing-x: 0; --tw-border-spacing-y: 0; --tw-translate-x: 0; --tw-translate-y: 0; --tw-rotate: 0; --tw-skew-x: 0; --tw-skew-y: 0; --tw-scale-x: 1; --tw-scale-y: 1; --tw-pan-x: ; --tw-pan-y: ; --tw-pinch-zoom: ; --tw-scroll-snap-strictness: proximity; --tw-ordinal: ; --tw-slashed-zero: ; --tw-numeric-figure: ; --tw-numeric-spacing: ; --tw-numeric-fraction: ; --tw-ring-inset: ; --tw-ring-offset-width: 0px; --tw-ring-offset-color: #fff; --tw-ring-color: rgb(59 130 246 / 0.5); --tw-ring-offset-shadow: 0 0 #0000; --tw-ring-shadow: 0 0 #0000; --tw-shadow: 0 0 #0000; --tw-shadow-colored: 0 0 #0000; --tw-blur: ; --tw-brightness: ; --tw-contrast: ; --tw-grayscale: ; --tw-hue-rotate: ; --tw-invert: ; --tw-saturate: ; --tw-sepia: ; --tw-drop-shadow: ; --tw-backdrop-blur: ; --tw-backdrop-brightness: ; --tw-backdrop-contrast: ; --tw-backdrop-grayscale: ; --tw-backdrop-hue-rotate: ; --tw-backdrop-invert: ; --tw-backdrop-opacity: ; --tw-backdrop-saturate: ; --tw-backdrop-sepia: ; transition: all 0.5s ease 0s;\"><b>Ingredientes:</b></span>&nbsp;Carne bovina,carne porcina,hielo,tocino,agua,almidón,mezcla de especies,(ajo,kuratú,aji,pimienta,) glucosa, sal fina, leche en polvo,azúcar</p><p style=\"border-width: 0px; border-style: solid; border-color: rgb(229, 231, 235); --tw-border-spacing-x: 0; --tw-border-spacing-y: 0; --tw-translate-x: 0; --tw-translate-y: 0; --tw-rotate: 0; --tw-skew-x: 0; --tw-skew-y: 0; --tw-scale-x: 1; --tw-scale-y: 1; --tw-pan-x: ; --tw-pan-y: ; --tw-pinch-zoom: ; --tw-scroll-snap-strictness: proximity; --tw-ordinal: ; --tw-slashed-zero: ; --tw-numeric-figure: ; --tw-numeric-spacing: ; --tw-numeric-fraction: ; --tw-ring-inset: ; --tw-ring-offset-width: 0px; --tw-ring-offset-color: #fff; --tw-ring-color: rgb(59 130 246 / 0.5); --tw-ring-offset-shadow: 0 0 #0000; --tw-ring-shadow: 0 0 #0000; --tw-shadow: 0 0 #0000; --tw-shadow-colored: 0 0 #0000; --tw-blur: ; --tw-brightness: ; --tw-contrast: ; --tw-grayscale: ; --tw-hue-rotate: ; --tw-invert: ; --tw-saturate: ; --tw-sepia: ; --tw-drop-shadow: ; --tw-backdrop-blur: ; --tw-backdrop-brightness: ; --tw-backdrop-contrast: ; --tw-backdrop-grayscale: ; --tw-backdrop-hue-rotate: ; --tw-backdrop-invert: ; --tw-backdrop-opacity: ; --tw-backdrop-saturate: ; --tw-backdrop-sepia: ; transition: all 0.5s ease 0s; margin-bottom: 0px; line-height: 15px;\"><span style=\"border-width: 0px; border-style: solid; border-color: rgb(229, 231, 235); --tw-border-spacing-x: 0; --tw-border-spacing-y: 0; --tw-translate-x: 0; --tw-translate-y: 0; --tw-rotate: 0; --tw-skew-x: 0; --tw-skew-y: 0; --tw-scale-x: 1; --tw-scale-y: 1; --tw-pan-x: ; --tw-pan-y: ; --tw-pinch-zoom: ; --tw-scroll-snap-strictness: proximity; --tw-ordinal: ; --tw-slashed-zero: ; --tw-numeric-figure: ; --tw-numeric-spacing: ; --tw-numeric-fraction: ; --tw-ring-inset: ; --tw-ring-offset-width: 0px; --tw-ring-offset-color: #fff; --tw-ring-color: rgb(59 130 246 / 0.5); --tw-ring-offset-shadow: 0 0 #0000; --tw-ring-shadow: 0 0 #0000; --tw-shadow: 0 0 #0000; --tw-shadow-colored: 0 0 #0000; --tw-blur: ; --tw-brightness: ; --tw-contrast: ; --tw-grayscale: ; --tw-hue-rotate: ; --tw-invert: ; --tw-saturate: ; --tw-sepia: ; --tw-drop-shadow: ; --tw-backdrop-blur: ; --tw-backdrop-brightness: ; --tw-backdrop-contrast: ; --tw-backdrop-grayscale: ; --tw-backdrop-hue-rotate: ; --tw-backdrop-invert: ; --tw-backdrop-opacity: ; --tw-backdrop-saturate: ; --tw-backdrop-sepia: ; transition: all 0.5s ease 0s;\"><b>Antioxidante:</b></span>&nbsp;Eritorbato de sodio (INS 316)</p><p style=\"border-width: 0px; border-style: solid; border-color: rgb(229, 231, 235); --tw-border-spacing-x: 0; --tw-border-spacing-y: 0; --tw-translate-x: 0; --tw-translate-y: 0; --tw-rotate: 0; --tw-skew-x: 0; --tw-skew-y: 0; --tw-scale-x: 1; --tw-scale-y: 1; --tw-pan-x: ; --tw-pan-y: ; --tw-pinch-zoom: ; --tw-scroll-snap-strictness: proximity; --tw-ordinal: ; --tw-slashed-zero: ; --tw-numeric-figure: ; --tw-numeric-spacing: ; --tw-numeric-fraction: ; --tw-ring-inset: ; --tw-ring-offset-width: 0px; --tw-ring-offset-color: #fff; --tw-ring-color: rgb(59 130 246 / 0.5); --tw-ring-offset-shadow: 0 0 #0000; --tw-ring-shadow: 0 0 #0000; --tw-shadow: 0 0 #0000; --tw-shadow-colored: 0 0 #0000; --tw-blur: ; --tw-brightness: ; --tw-contrast: ; --tw-grayscale: ; --tw-hue-rotate: ; --tw-invert: ; --tw-saturate: ; --tw-sepia: ; --tw-drop-shadow: ; --tw-backdrop-blur: ; --tw-backdrop-brightness: ; --tw-backdrop-contrast: ; --tw-backdrop-grayscale: ; --tw-backdrop-hue-rotate: ; --tw-backdrop-invert: ; --tw-backdrop-opacity: ; --tw-backdrop-saturate: ; --tw-backdrop-sepia: ; transition: all 0.5s ease 0s; margin-bottom: 0px; line-height: 15px;\"><span style=\"border-width: 0px; border-style: solid; border-color: rgb(229, 231, 235); --tw-border-spacing-x: 0; --tw-border-spacing-y: 0; --tw-translate-x: 0; --tw-translate-y: 0; --tw-rotate: 0; --tw-skew-x: 0; --tw-skew-y: 0; --tw-scale-x: 1; --tw-scale-y: 1; --tw-pan-x: ; --tw-pan-y: ; --tw-pinch-zoom: ; --tw-scroll-snap-strictness: proximity; --tw-ordinal: ; --tw-slashed-zero: ; --tw-numeric-figure: ; --tw-numeric-spacing: ; --tw-numeric-fraction: ; --tw-ring-inset: ; --tw-ring-offset-width: 0px; --tw-ring-offset-color: #fff; --tw-ring-color: rgb(59 130 246 / 0.5); --tw-ring-offset-shadow: 0 0 #0000; --tw-ring-shadow: 0 0 #0000; --tw-shadow: 0 0 #0000; --tw-shadow-colored: 0 0 #0000; --tw-blur: ; --tw-brightness: ; --tw-contrast: ; --tw-grayscale: ; --tw-hue-rotate: ; --tw-invert: ; --tw-saturate: ; --tw-sepia: ; --tw-drop-shadow: ; --tw-backdrop-blur: ; --tw-backdrop-brightness: ; --tw-backdrop-contrast: ; --tw-backdrop-grayscale: ; --tw-backdrop-hue-rotate: ; --tw-backdrop-invert: ; --tw-backdrop-opacity: ; --tw-backdrop-saturate: ; --tw-backdrop-sepia: ; transition: all 0.5s ease 0s;\"><b>Estabilizante:</b>&nbsp;</span>Polifosfato de sodio (INS 452i)</p><p style=\"border-width: 0px; border-style: solid; border-color: rgb(229, 231, 235); --tw-border-spacing-x: 0; --tw-border-spacing-y: 0; --tw-translate-x: 0; --tw-translate-y: 0; --tw-rotate: 0; --tw-skew-x: 0; --tw-skew-y: 0; --tw-scale-x: 1; --tw-scale-y: 1; --tw-pan-x: ; --tw-pan-y: ; --tw-pinch-zoom: ; --tw-scroll-snap-strictness: proximity; --tw-ordinal: ; --tw-slashed-zero: ; --tw-numeric-figure: ; --tw-numeric-spacing: ; --tw-numeric-fraction: ; --tw-ring-inset: ; --tw-ring-offset-width: 0px; --tw-ring-offset-color: #fff; --tw-ring-color: rgb(59 130 246 / 0.5); --tw-ring-offset-shadow: 0 0 #0000; --tw-ring-shadow: 0 0 #0000; --tw-shadow: 0 0 #0000; --tw-shadow-colored: 0 0 #0000; --tw-blur: ; --tw-brightness: ; --tw-contrast: ; --tw-grayscale: ; --tw-hue-rotate: ; --tw-invert: ; --tw-saturate: ; --tw-sepia: ; --tw-drop-shadow: ; --tw-backdrop-blur: ; --tw-backdrop-brightness: ; --tw-backdrop-contrast: ; --tw-backdrop-grayscale: ; --tw-backdrop-hue-rotate: ; --tw-backdrop-invert: ; --tw-backdrop-opacity: ; --tw-backdrop-saturate: ; --tw-backdrop-sepia: ; transition: all 0.5s ease 0s; margin-bottom: 0px; line-height: 15px;\"><span style=\"border-width: 0px; border-style: solid; border-color: rgb(229, 231, 235); --tw-border-spacing-x: 0; --tw-border-spacing-y: 0; --tw-translate-x: 0; --tw-translate-y: 0; --tw-rotate: 0; --tw-skew-x: 0; --tw-skew-y: 0; --tw-scale-x: 1; --tw-scale-y: 1; --tw-pan-x: ; --tw-pan-y: ; --tw-pinch-zoom: ; --tw-scroll-snap-strictness: proximity; --tw-ordinal: ; --tw-slashed-zero: ; --tw-numeric-figure: ; --tw-numeric-spacing: ; --tw-numeric-fraction: ; --tw-ring-inset: ; --tw-ring-offset-width: 0px; --tw-ring-offset-color: #fff; --tw-ring-color: rgb(59 130 246 / 0.5); --tw-ring-offset-shadow: 0 0 #0000; --tw-ring-shadow: 0 0 #0000; --tw-shadow: 0 0 #0000; --tw-shadow-colored: 0 0 #0000; --tw-blur: ; --tw-brightness: ; --tw-contrast: ; --tw-grayscale: ; --tw-hue-rotate: ; --tw-invert: ; --tw-saturate: ; --tw-sepia: ; --tw-drop-shadow: ; --tw-backdrop-blur: ; --tw-backdrop-brightness: ; --tw-backdrop-contrast: ; --tw-backdrop-grayscale: ; --tw-backdrop-hue-rotate: ; --tw-backdrop-invert: ; --tw-backdrop-opacity: ; --tw-backdrop-saturate: ; --tw-backdrop-sepia: ; transition: all 0.5s ease 0s;\"><b>Regulador de acidez:</b></span>&nbsp;Citrato de sodio (INS 331 iii)</p><p style=\"border-width: 0px; border-style: solid; border-color: rgb(229, 231, 235); --tw-border-spacing-x: 0; --tw-border-spacing-y: 0; --tw-translate-x: 0; --tw-translate-y: 0; --tw-rotate: 0; --tw-skew-x: 0; --tw-skew-y: 0; --tw-scale-x: 1; --tw-scale-y: 1; --tw-pan-x: ; --tw-pan-y: ; --tw-pinch-zoom: ; --tw-scroll-snap-strictness: proximity; --tw-ordinal: ; --tw-slashed-zero: ; --tw-numeric-figure: ; --tw-numeric-spacing: ; --tw-numeric-fraction: ; --tw-ring-inset: ; --tw-ring-offset-width: 0px; --tw-ring-offset-color: #fff; --tw-ring-color: rgb(59 130 246 / 0.5); --tw-ring-offset-shadow: 0 0 #0000; --tw-ring-shadow: 0 0 #0000; --tw-shadow: 0 0 #0000; --tw-shadow-colored: 0 0 #0000; --tw-blur: ; --tw-brightness: ; --tw-contrast: ; --tw-grayscale: ; --tw-hue-rotate: ; --tw-invert: ; --tw-saturate: ; --tw-sepia: ; --tw-drop-shadow: ; --tw-backdrop-blur: ; --tw-backdrop-brightness: ; --tw-backdrop-contrast: ; --tw-backdrop-grayscale: ; --tw-backdrop-hue-rotate: ; --tw-backdrop-invert: ; --tw-backdrop-opacity: ; --tw-backdrop-saturate: ; --tw-backdrop-sepia: ; transition: all 0.5s ease 0s; margin-bottom: 0px; line-height: 15px;\"><span style=\"border-width: 0px; border-style: solid; border-color: rgb(229, 231, 235); --tw-border-spacing-x: 0; --tw-border-spacing-y: 0; --tw-translate-x: 0; --tw-translate-y: 0; --tw-rotate: 0; --tw-skew-x: 0; --tw-skew-y: 0; --tw-scale-x: 1; --tw-scale-y: 1; --tw-pan-x: ; --tw-pan-y: ; --tw-pinch-zoom: ; --tw-scroll-snap-strictness: proximity; --tw-ordinal: ; --tw-slashed-zero: ; --tw-numeric-figure: ; --tw-numeric-spacing: ; --tw-numeric-fraction: ; --tw-ring-inset: ; --tw-ring-offset-width: 0px; --tw-ring-offset-color: #fff; --tw-ring-color: rgb(59 130 246 / 0.5); --tw-ring-offset-shadow: 0 0 #0000; --tw-ring-shadow: 0 0 #0000; --tw-shadow: 0 0 #0000; --tw-shadow-colored: 0 0 #0000; --tw-blur: ; --tw-brightness: ; --tw-contrast: ; --tw-grayscale: ; --tw-hue-rotate: ; --tw-invert: ; --tw-saturate: ; --tw-sepia: ; --tw-drop-shadow: ; --tw-backdrop-blur: ; --tw-backdrop-brightness: ; --tw-backdrop-contrast: ; --tw-backdrop-grayscale: ; --tw-backdrop-hue-rotate: ; --tw-backdrop-invert: ; --tw-backdrop-opacity: ; --tw-backdrop-saturate: ; --tw-backdrop-sepia: ; transition: all 0.5s ease 0s;\"><b>Exaltador de sabor:</b></span>&nbsp;Glutamato de sodio (INS 621)</p><p style=\"border-width: 0px; border-style: solid; border-color: rgb(229, 231, 235); --tw-border-spacing-x: 0; --tw-border-spacing-y: 0; --tw-translate-x: 0; --tw-translate-y: 0; --tw-rotate: 0; --tw-skew-x: 0; --tw-skew-y: 0; --tw-scale-x: 1; --tw-scale-y: 1; --tw-pan-x: ; --tw-pan-y: ; --tw-pinch-zoom: ; --tw-scroll-snap-strictness: proximity; --tw-ordinal: ; --tw-slashed-zero: ; --tw-numeric-figure: ; --tw-numeric-spacing: ; --tw-numeric-fraction: ; --tw-ring-inset: ; --tw-ring-offset-width: 0px; --tw-ring-offset-color: #fff; --tw-ring-color: rgb(59 130 246 / 0.5); --tw-ring-offset-shadow: 0 0 #0000; --tw-ring-shadow: 0 0 #0000; --tw-shadow: 0 0 #0000; --tw-shadow-colored: 0 0 #0000; --tw-blur: ; --tw-brightness: ; --tw-contrast: ; --tw-grayscale: ; --tw-hue-rotate: ; --tw-invert: ; --tw-saturate: ; --tw-sepia: ; --tw-drop-shadow: ; --tw-backdrop-blur: ; --tw-backdrop-brightness: ; --tw-backdrop-contrast: ; --tw-backdrop-grayscale: ; --tw-backdrop-hue-rotate: ; --tw-backdrop-invert: ; --tw-backdrop-opacity: ; --tw-backdrop-saturate: ; --tw-backdrop-sepia: ; transition: all 0.5s ease 0s; margin-bottom: 0px; line-height: 15px;\"><span style=\"border-width: 0px; border-style: solid; border-color: rgb(229, 231, 235); --tw-border-spacing-x: 0; --tw-border-spacing-y: 0; --tw-translate-x: 0; --tw-translate-y: 0; --tw-rotate: 0; --tw-skew-x: 0; --tw-skew-y: 0; --tw-scale-x: 1; --tw-scale-y: 1; --tw-pan-x: ; --tw-pan-y: ; --tw-pinch-zoom: ; --tw-scroll-snap-strictness: proximity; --tw-ordinal: ; --tw-slashed-zero: ; --tw-numeric-figure: ; --tw-numeric-spacing: ; --tw-numeric-fraction: ; --tw-ring-inset: ; --tw-ring-offset-width: 0px; --tw-ring-offset-color: #fff; --tw-ring-color: rgb(59 130 246 / 0.5); --tw-ring-offset-shadow: 0 0 #0000; --tw-ring-shadow: 0 0 #0000; --tw-shadow: 0 0 #0000; --tw-shadow-colored: 0 0 #0000; --tw-blur: ; --tw-brightness: ; --tw-contrast: ; --tw-grayscale: ; --tw-hue-rotate: ; --tw-invert: ; --tw-saturate: ; --tw-sepia: ; --tw-drop-shadow: ; --tw-backdrop-blur: ; --tw-backdrop-brightness: ; --tw-backdrop-contrast: ; --tw-backdrop-grayscale: ; --tw-backdrop-hue-rotate: ; --tw-backdrop-invert: ; --tw-backdrop-opacity: ; --tw-backdrop-saturate: ; --tw-backdrop-sepia: ; transition: all 0.5s ease 0s;\"><b>Acidalante:</b></span>&nbsp;Acido cítrico (INS 330)</p><p style=\"border-width: 0px; border-style: solid; border-color: rgb(229, 231, 235); --tw-border-spacing-x: 0; --tw-border-spacing-y: 0; --tw-translate-x: 0; --tw-translate-y: 0; --tw-rotate: 0; --tw-skew-x: 0; --tw-skew-y: 0; --tw-scale-x: 1; --tw-scale-y: 1; --tw-pan-x: ; --tw-pan-y: ; --tw-pinch-zoom: ; --tw-scroll-snap-strictness: proximity; --tw-ordinal: ; --tw-slashed-zero: ; --tw-numeric-figure: ; --tw-numeric-spacing: ; --tw-numeric-fraction: ; --tw-ring-inset: ; --tw-ring-offset-width: 0px; --tw-ring-offset-color: #fff; --tw-ring-color: rgb(59 130 246 / 0.5); --tw-ring-offset-shadow: 0 0 #0000; --tw-ring-shadow: 0 0 #0000; --tw-shadow: 0 0 #0000; --tw-shadow-colored: 0 0 #0000; --tw-blur: ; --tw-brightness: ; --tw-contrast: ; --tw-grayscale: ; --tw-hue-rotate: ; --tw-invert: ; --tw-saturate: ; --tw-sepia: ; --tw-drop-shadow: ; --tw-backdrop-blur: ; --tw-backdrop-brightness: ; --tw-backdrop-contrast: ; --tw-backdrop-grayscale: ; --tw-backdrop-hue-rotate: ; --tw-backdrop-invert: ; --tw-backdrop-opacity: ; --tw-backdrop-saturate: ; --tw-backdrop-sepia: ; transition: all 0.5s ease 0s; margin-bottom: 0px; line-height: 15px;\"><span style=\"border-width: 0px; border-style: solid; border-color: rgb(229, 231, 235); --tw-border-spacing-x: 0; --tw-border-spacing-y: 0; --tw-translate-x: 0; --tw-translate-y: 0; --tw-rotate: 0; --tw-skew-x: 0; --tw-skew-y: 0; --tw-scale-x: 1; --tw-scale-y: 1; --tw-pan-x: ; --tw-pan-y: ; --tw-pinch-zoom: ; --tw-scroll-snap-strictness: proximity; --tw-ordinal: ; --tw-slashed-zero: ; --tw-numeric-figure: ; --tw-numeric-spacing: ; --tw-numeric-fraction: ; --tw-ring-inset: ; --tw-ring-offset-width: 0px; --tw-ring-offset-color: #fff; --tw-ring-color: rgb(59 130 246 / 0.5); --tw-ring-offset-shadow: 0 0 #0000; --tw-ring-shadow: 0 0 #0000; --tw-shadow: 0 0 #0000; --tw-shadow-colored: 0 0 #0000; --tw-blur: ; --tw-brightness: ; --tw-contrast: ; --tw-grayscale: ; --tw-hue-rotate: ; --tw-invert: ; --tw-saturate: ; --tw-sepia: ; --tw-drop-shadow: ; --tw-backdrop-blur: ; --tw-backdrop-brightness: ; --tw-backdrop-contrast: ; --tw-backdrop-grayscale: ; --tw-backdrop-hue-rotate: ; --tw-backdrop-invert: ; --tw-backdrop-opacity: ; --tw-backdrop-saturate: ; --tw-backdrop-sepia: ; transition: all 0.5s ease 0s;\"><b>Conservador:</b></span>&nbsp;Nitrato de sodio y nitrito de sodio (INS 251-250)</p><p style=\"border-width: 0px; border-style: solid; border-color: rgb(229, 231, 235); --tw-border-spacing-x: 0; --tw-border-spacing-y: 0; --tw-translate-x: 0; --tw-translate-y: 0; --tw-rotate: 0; --tw-skew-x: 0; --tw-skew-y: 0; --tw-scale-x: 1; --tw-scale-y: 1; --tw-pan-x: ; --tw-pan-y: ; --tw-pinch-zoom: ; --tw-scroll-snap-strictness: proximity; --tw-ordinal: ; --tw-slashed-zero: ; --tw-numeric-figure: ; --tw-numeric-spacing: ; --tw-numeric-fraction: ; --tw-ring-inset: ; --tw-ring-offset-width: 0px; --tw-ring-offset-color: #fff; --tw-ring-color: rgb(59 130 246 / 0.5); --tw-ring-offset-shadow: 0 0 #0000; --tw-ring-shadow: 0 0 #0000; --tw-shadow: 0 0 #0000; --tw-shadow-colored: 0 0 #0000; --tw-blur: ; --tw-brightness: ; --tw-contrast: ; --tw-grayscale: ; --tw-hue-rotate: ; --tw-invert: ; --tw-saturate: ; --tw-sepia: ; --tw-drop-shadow: ; --tw-backdrop-blur: ; --tw-backdrop-brightness: ; --tw-backdrop-contrast: ; --tw-backdrop-grayscale: ; --tw-backdrop-hue-rotate: ; --tw-backdrop-invert: ; --tw-backdrop-opacity: ; --tw-backdrop-saturate: ; --tw-backdrop-sepia: ; transition: all 0.5s ease 0s; margin-bottom: 0px; line-height: 15px;\"><b><span style=\"border-width: 0px; border-style: solid; border-color: rgb(229, 231, 235); --tw-border-spacing-x: 0; --tw-border-spacing-y: 0; --tw-translate-x: 0; --tw-translate-y: 0; --tw-rotate: 0; --tw-skew-x: 0; --tw-skew-y: 0; --tw-scale-x: 1; --tw-scale-y: 1; --tw-pan-x: ; --tw-pan-y: ; --tw-pinch-zoom: ; --tw-scroll-snap-strictness: proximity; --tw-ordinal: ; --tw-slashed-zero: ; --tw-numeric-figure: ; --tw-numeric-spacing: ; --tw-numeric-fraction: ; --tw-ring-inset: ; --tw-ring-offset-width: 0px; --tw-ring-offset-color: #fff; --tw-ring-color: rgb(59 130 246 / 0.5); --tw-ring-offset-shadow: 0 0 #0000; --tw-ring-shadow: 0 0 #0000; --tw-shadow: 0 0 #0000; --tw-shadow-colored: 0 0 #0000; --tw-blur: ; --tw-brightness: ; --tw-contrast: ; --tw-grayscale: ; --tw-hue-rotate: ; --tw-invert: ; --tw-saturate: ; --tw-sepia: ; --tw-drop-shadow: ; --tw-backdrop-blur: ; --tw-backdrop-brightness: ; --tw-backdrop-contrast: ; --tw-backdrop-grayscale: ; --tw-backdrop-hue-rotate: ; --tw-backdrop-invert: ; --tw-backdrop-opacity: ; --tw-backdrop-saturate: ; --tw-backdrop-sepia: ; transition: all 0.5s ease 0s;\">Colorante:</span>&nbsp;</b>Cochinilla (INS 120)</p>", "descripcion_es": "<p style=\"border-width: 0px; border-style: solid; border-color: rgb(229, 231, 235); --tw-border-spacing-x: 0; --tw-border-spacing-y: 0; --tw-translate-x: 0; --tw-translate-y: 0; --tw-rotate: 0; --tw-skew-x: 0; --tw-skew-y: 0; --tw-scale-x: 1; --tw-scale-y: 1; --tw-pan-x: ; --tw-pan-y: ; --tw-pinch-zoom: ; --tw-scroll-snap-strictness: proximity; --tw-ordinal: ; --tw-slashed-zero: ; --tw-numeric-figure: ; --tw-numeric-spacing: ; --tw-numeric-fraction: ; --tw-ring-inset: ; --tw-ring-offset-width: 0px; --tw-ring-offset-color: #fff; --tw-ring-color: rgb(59 130 246 / 0.5); --tw-ring-offset-shadow: 0 0 #0000; --tw-ring-shadow: 0 0 #0000; --tw-shadow: 0 0 #0000; --tw-shadow-colored: 0 0 #0000; --tw-blur: ; --tw-brightness: ; --tw-contrast: ; --tw-grayscale: ; --tw-hue-rotate: ; --tw-invert: ; --tw-saturate: ; --tw-sepia: ; --tw-drop-shadow: ; --tw-backdrop-blur: ; --tw-backdrop-brightness: ; --tw-backdrop-contrast: ; --tw-backdrop-grayscale: ; --tw-backdrop-hue-rotate: ; --tw-backdrop-invert: ; --tw-backdrop-opacity: ; --tw-backdrop-saturate: ; --tw-backdrop-sepia: ; transition: all 0.5s ease 0s; margin-bottom: 0px; line-height: 15px;\"><span style=\"border-width: 0px; border-style: solid; border-color: rgb(229, 231, 235); --tw-border-spacing-x: 0; --tw-border-spacing-y: 0; --tw-translate-x: 0; --tw-translate-y: 0; --tw-rotate: 0; --tw-skew-x: 0; --tw-skew-y: 0; --tw-scale-x: 1; --tw-scale-y: 1; --tw-pan-x: ; --tw-pan-y: ; --tw-pinch-zoom: ; --tw-scroll-snap-strictness: proximity; --tw-ordinal: ; --tw-slashed-zero: ; --tw-numeric-figure: ; --tw-numeric-spacing: ; --tw-numeric-fraction: ; --tw-ring-inset: ; --tw-ring-offset-width: 0px; --tw-ring-offset-color: #fff; --tw-ring-color: rgb(59 130 246 / 0.5); --tw-ring-offset-shadow: 0 0 #0000; --tw-ring-shadow: 0 0 #0000; --tw-shadow: 0 0 #0000; --tw-shadow-colored: 0 0 #0000; --tw-blur: ; --tw-brightness: ; --tw-contrast: ; --tw-grayscale: ; --tw-hue-rotate: ; --tw-invert: ; --tw-saturate: ; --tw-sepia: ; --tw-drop-shadow: ; --tw-backdrop-blur: ; --tw-backdrop-brightness: ; --tw-backdrop-contrast: ; --tw-backdrop-grayscale: ; --tw-backdrop-hue-rotate: ; --tw-backdrop-invert: ; --tw-backdrop-opacity: ; --tw-backdrop-saturate: ; --tw-backdrop-sepia: ; transition: all 0.5s ease 0s;\"><b>Ingredientes:</b></span>&nbsp;Carne bovina,carne porcina,hielo,tocino,agua,almidón,mezcla de especies,(ajo,kuratú,aji,pimienta,) glucosa, sal fina, leche en polvo,azúcar</p><p style=\"border-width: 0px; border-style: solid; border-color: rgb(229, 231, 235); --tw-border-spacing-x: 0; --tw-border-spacing-y: 0; --tw-translate-x: 0; --tw-translate-y: 0; --tw-rotate: 0; --tw-skew-x: 0; --tw-skew-y: 0; --tw-scale-x: 1; --tw-scale-y: 1; --tw-pan-x: ; --tw-pan-y: ; --tw-pinch-zoom: ; --tw-scroll-snap-strictness: proximity; --tw-ordinal: ; --tw-slashed-zero: ; --tw-numeric-figure: ; --tw-numeric-spacing: ; --tw-numeric-fraction: ; --tw-ring-inset: ; --tw-ring-offset-width: 0px; --tw-ring-offset-color: #fff; --tw-ring-color: rgb(59 130 246 / 0.5); --tw-ring-offset-shadow: 0 0 #0000; --tw-ring-shadow: 0 0 #0000; --tw-shadow: 0 0 #0000; --tw-shadow-colored: 0 0 #0000; --tw-blur: ; --tw-brightness: ; --tw-contrast: ; --tw-grayscale: ; --tw-hue-rotate: ; --tw-invert: ; --tw-saturate: ; --tw-sepia: ; --tw-drop-shadow: ; --tw-backdrop-blur: ; --tw-backdrop-brightness: ; --tw-backdrop-contrast: ; --tw-backdrop-grayscale: ; --tw-backdrop-hue-rotate: ; --tw-backdrop-invert: ; --tw-backdrop-opacity: ; --tw-backdrop-saturate: ; --tw-backdrop-sepia: ; transition: all 0.5s ease 0s; margin-bottom: 0px; line-height: 15px;\"><span style=\"border-width: 0px; border-style: solid; border-color: rgb(229, 231, 235); --tw-border-spacing-x: 0; --tw-border-spacing-y: 0; --tw-translate-x: 0; --tw-translate-y: 0; --tw-rotate: 0; --tw-skew-x: 0; --tw-skew-y: 0; --tw-scale-x: 1; --tw-scale-y: 1; --tw-pan-x: ; --tw-pan-y: ; --tw-pinch-zoom: ; --tw-scroll-snap-strictness: proximity; --tw-ordinal: ; --tw-slashed-zero: ; --tw-numeric-figure: ; --tw-numeric-spacing: ; --tw-numeric-fraction: ; --tw-ring-inset: ; --tw-ring-offset-width: 0px; --tw-ring-offset-color: #fff; --tw-ring-color: rgb(59 130 246 / 0.5); --tw-ring-offset-shadow: 0 0 #0000; --tw-ring-shadow: 0 0 #0000; --tw-shadow: 0 0 #0000; --tw-shadow-colored: 0 0 #0000; --tw-blur: ; --tw-brightness: ; --tw-contrast: ; --tw-grayscale: ; --tw-hue-rotate: ; --tw-invert: ; --tw-saturate: ; --tw-sepia: ; --tw-drop-shadow: ; --tw-backdrop-blur: ; --tw-backdrop-brightness: ; --tw-backdrop-contrast: ; --tw-backdrop-grayscale: ; --tw-backdrop-hue-rotate: ; --tw-backdrop-invert: ; --tw-backdrop-opacity: ; --tw-backdrop-saturate: ; --tw-backdrop-sepia: ; transition: all 0.5s ease 0s;\"><b>Antioxidante:</b></span>&nbsp;Eritorbato de sodio (INS 316)</p><p style=\"border-width: 0px; border-style: solid; border-color: rgb(229, 231, 235); --tw-border-spacing-x: 0; --tw-border-spacing-y: 0; --tw-translate-x: 0; --tw-translate-y: 0; --tw-rotate: 0; --tw-skew-x: 0; --tw-skew-y: 0; --tw-scale-x: 1; --tw-scale-y: 1; --tw-pan-x: ; --tw-pan-y: ; --tw-pinch-zoom: ; --tw-scroll-snap-strictness: proximity; --tw-ordinal: ; --tw-slashed-zero: ; --tw-numeric-figure: ; --tw-numeric-spacing: ; --tw-numeric-fraction: ; --tw-ring-inset: ; --tw-ring-offset-width: 0px; --tw-ring-offset-color: #fff; --tw-ring-color: rgb(59 130 246 / 0.5); --tw-ring-offset-shadow: 0 0 #0000; --tw-ring-shadow: 0 0 #0000; --tw-shadow: 0 0 #0000; --tw-shadow-colored: 0 0 #0000; --tw-blur: ; --tw-brightness: ; --tw-contrast: ; --tw-grayscale: ; --tw-hue-rotate: ; --tw-invert: ; --tw-saturate: ; --tw-sepia: ; --tw-drop-shadow: ; --tw-backdrop-blur: ; --tw-backdrop-brightness: ; --tw-backdrop-contrast: ; --tw-backdrop-grayscale: ; --tw-backdrop-hue-rotate: ; --tw-backdrop-invert: ; --tw-backdrop-opacity: ; --tw-backdrop-saturate: ; --tw-backdrop-sepia: ; transition: all 0.5s ease 0s; margin-bottom: 0px; line-height: 15px;\"><span style=\"border-width: 0px; border-style: solid; border-color: rgb(229, 231, 235); --tw-border-spacing-x: 0; --tw-border-spacing-y: 0; --tw-translate-x: 0; --tw-translate-y: 0; --tw-rotate: 0; --tw-skew-x: 0; --tw-skew-y: 0; --tw-scale-x: 1; --tw-scale-y: 1; --tw-pan-x: ; --tw-pan-y: ; --tw-pinch-zoom: ; --tw-scroll-snap-strictness: proximity; --tw-ordinal: ; --tw-slashed-zero: ; --tw-numeric-figure: ; --tw-numeric-spacing: ; --tw-numeric-fraction: ; --tw-ring-inset: ; --tw-ring-offset-width: 0px; --tw-ring-offset-color: #fff; --tw-ring-color: rgb(59 130 246 / 0.5); --tw-ring-offset-shadow: 0 0 #0000; --tw-ring-shadow: 0 0 #0000; --tw-shadow: 0 0 #0000; --tw-shadow-colored: 0 0 #0000; --tw-blur: ; --tw-brightness: ; --tw-contrast: ; --tw-grayscale: ; --tw-hue-rotate: ; --tw-invert: ; --tw-saturate: ; --tw-sepia: ; --tw-drop-shadow: ; --tw-backdrop-blur: ; --tw-backdrop-brightness: ; --tw-backdrop-contrast: ; --tw-backdrop-grayscale: ; --tw-backdrop-hue-rotate: ; --tw-backdrop-invert: ; --tw-backdrop-opacity: ; --tw-backdrop-saturate: ; --tw-backdrop-sepia: ; transition: all 0.5s ease 0s;\"><b>Estabilizante:</b>&nbsp;</span>Polifosfato de sodio (INS 452i)</p><p style=\"border-width: 0px; border-style: solid; border-color: rgb(229, 231, 235); --tw-border-spacing-x: 0; --tw-border-spacing-y: 0; --tw-translate-x: 0; --tw-translate-y: 0; --tw-rotate: 0; --tw-skew-x: 0; --tw-skew-y: 0; --tw-scale-x: 1; --tw-scale-y: 1; --tw-pan-x: ; --tw-pan-y: ; --tw-pinch-zoom: ; --tw-scroll-snap-strictness: proximity; --tw-ordinal: ; --tw-slashed-zero: ; --tw-numeric-figure: ; --tw-numeric-spacing: ; --tw-numeric-fraction: ; --tw-ring-inset: ; --tw-ring-offset-width: 0px; --tw-ring-offset-color: #fff; --tw-ring-color: rgb(59 130 246 / 0.5); --tw-ring-offset-shadow: 0 0 #0000; --tw-ring-shadow: 0 0 #0000; --tw-shadow: 0 0 #0000; --tw-shadow-colored: 0 0 #0000; --tw-blur: ; --tw-brightness: ; --tw-contrast: ; --tw-grayscale: ; --tw-hue-rotate: ; --tw-invert: ; --tw-saturate: ; --tw-sepia: ; --tw-drop-shadow: ; --tw-backdrop-blur: ; --tw-backdrop-brightness: ; --tw-backdrop-contrast: ; --tw-backdrop-grayscale: ; --tw-backdrop-hue-rotate: ; --tw-backdrop-invert: ; --tw-backdrop-opacity: ; --tw-backdrop-saturate: ; --tw-backdrop-sepia: ; transition: all 0.5s ease 0s; margin-bottom: 0px; line-height: 15px;\"><span style=\"border-width: 0px; border-style: solid; border-color: rgb(229, 231, 235); --tw-border-spacing-x: 0; --tw-border-spacing-y: 0; --tw-translate-x: 0; --tw-translate-y: 0; --tw-rotate: 0; --tw-skew-x: 0; --tw-skew-y: 0; --tw-scale-x: 1; --tw-scale-y: 1; --tw-pan-x: ; --tw-pan-y: ; --tw-pinch-zoom: ; --tw-scroll-snap-strictness: proximity; --tw-ordinal: ; --tw-slashed-zero: ; --tw-numeric-figure: ; --tw-numeric-spacing: ; --tw-numeric-fraction: ; --tw-ring-inset: ; --tw-ring-offset-width: 0px; --tw-ring-offset-color: #fff; --tw-ring-color: rgb(59 130 246 / 0.5); --tw-ring-offset-shadow: 0 0 #0000; --tw-ring-shadow: 0 0 #0000; --tw-shadow: 0 0 #0000; --tw-shadow-colored: 0 0 #0000; --tw-blur: ; --tw-brightness: ; --tw-contrast: ; --tw-grayscale: ; --tw-hue-rotate: ; --tw-invert: ; --tw-saturate: ; --tw-sepia: ; --tw-drop-shadow: ; --tw-backdrop-blur: ; --tw-backdrop-brightness: ; --tw-backdrop-contrast: ; --tw-backdrop-grayscale: ; --tw-backdrop-hue-rotate: ; --tw-backdrop-invert: ; --tw-backdrop-opacity: ; --tw-backdrop-saturate: ; --tw-backdrop-sepia: ; transition: all 0.5s ease 0s;\"><b>Regulador de acidez:</b></span>&nbsp;Citrato de sodio (INS 331 iii)</p><p style=\"border-width: 0px; border-style: solid; border-color: rgb(229, 231, 235); --tw-border-spacing-x: 0; --tw-border-spacing-y: 0; --tw-translate-x: 0; --tw-translate-y: 0; --tw-rotate: 0; --tw-skew-x: 0; --tw-skew-y: 0; --tw-scale-x: 1; --tw-scale-y: 1; --tw-pan-x: ; --tw-pan-y: ; --tw-pinch-zoom: ; --tw-scroll-snap-strictness: proximity; --tw-ordinal: ; --tw-slashed-zero: ; --tw-numeric-figure: ; --tw-numeric-spacing: ; --tw-numeric-fraction: ; --tw-ring-inset: ; --tw-ring-offset-width: 0px; --tw-ring-offset-color: #fff; --tw-ring-color: rgb(59 130 246 / 0.5); --tw-ring-offset-shadow: 0 0 #0000; --tw-ring-shadow: 0 0 #0000; --tw-shadow: 0 0 #0000; --tw-shadow-colored: 0 0 #0000; --tw-blur: ; --tw-brightness: ; --tw-contrast: ; --tw-grayscale: ; --tw-hue-rotate: ; --tw-invert: ; --tw-saturate: ; --tw-sepia: ; --tw-drop-shadow: ; --tw-backdrop-blur: ; --tw-backdrop-brightness: ; --tw-backdrop-contrast: ; --tw-backdrop-grayscale: ; --tw-backdrop-hue-rotate: ; --tw-backdrop-invert: ; --tw-backdrop-opacity: ; --tw-backdrop-saturate: ; --tw-backdrop-sepia: ; transition: all 0.5s ease 0s; margin-bottom: 0px; line-height: 15px;\"><span style=\"border-width: 0px; border-style: solid; border-color: rgb(229, 231, 235); --tw-border-spacing-x: 0; --tw-border-spacing-y: 0; --tw-translate-x: 0; --tw-translate-y: 0; --tw-rotate: 0; --tw-skew-x: 0; --tw-skew-y: 0; --tw-scale-x: 1; --tw-scale-y: 1; --tw-pan-x: ; --tw-pan-y: ; --tw-pinch-zoom: ; --tw-scroll-snap-strictness: proximity; --tw-ordinal: ; --tw-slashed-zero: ; --tw-numeric-figure: ; --tw-numeric-spacing: ; --tw-numeric-fraction: ; --tw-ring-inset: ; --tw-ring-offset-width: 0px; --tw-ring-offset-color: #fff; --tw-ring-color: rgb(59 130 246 / 0.5); --tw-ring-offset-shadow: 0 0 #0000; --tw-ring-shadow: 0 0 #0000; --tw-shadow: 0 0 #0000; --tw-shadow-colored: 0 0 #0000; --tw-blur: ; --tw-brightness: ; --tw-contrast: ; --tw-grayscale: ; --tw-hue-rotate: ; --tw-invert: ; --tw-saturate: ; --tw-sepia: ; --tw-drop-shadow: ; --tw-backdrop-blur: ; --tw-backdrop-brightness: ; --tw-backdrop-contrast: ; --tw-backdrop-grayscale: ; --tw-backdrop-hue-rotate: ; --tw-backdrop-invert: ; --tw-backdrop-opacity: ; --tw-backdrop-saturate: ; --tw-backdrop-sepia: ; transition: all 0.5s ease 0s;\"><b>Exaltador de sabor:</b></span>&nbsp;Glutamato de sodio (INS 621)</p><p style=\"border-width: 0px; border-style: solid; border-color: rgb(229, 231, 235); --tw-border-spacing-x: 0; --tw-border-spacing-y: 0; --tw-translate-x: 0; --tw-translate-y: 0; --tw-rotate: 0; --tw-skew-x: 0; --tw-skew-y: 0; --tw-scale-x: 1; --tw-scale-y: 1; --tw-pan-x: ; --tw-pan-y: ; --tw-pinch-zoom: ; --tw-scroll-snap-strictness: proximity; --tw-ordinal: ; --tw-slashed-zero: ; --tw-numeric-figure: ; --tw-numeric-spacing: ; --tw-numeric-fraction: ; --tw-ring-inset: ; --tw-ring-offset-width: 0px; --tw-ring-offset-color: #fff; --tw-ring-color: rgb(59 130 246 / 0.5); --tw-ring-offset-shadow: 0 0 #0000; --tw-ring-shadow: 0 0 #0000; --tw-shadow: 0 0 #0000; --tw-shadow-colored: 0 0 #0000; --tw-blur: ; --tw-brightness: ; --tw-contrast: ; --tw-grayscale: ; --tw-hue-rotate: ; --tw-invert: ; --tw-saturate: ; --tw-sepia: ; --tw-drop-shadow: ; --tw-backdrop-blur: ; --tw-backdrop-brightness: ; --tw-backdrop-contrast: ; --tw-backdrop-grayscale: ; --tw-backdrop-hue-rotate: ; --tw-backdrop-invert: ; --tw-backdrop-opacity: ; --tw-backdrop-saturate: ; --tw-backdrop-sepia: ; transition: all 0.5s ease 0s; margin-bottom: 0px; line-height: 15px;\"><span style=\"border-width: 0px; border-style: solid; border-color: rgb(229, 231, 235); --tw-border-spacing-x: 0; --tw-border-spacing-y: 0; --tw-translate-x: 0; --tw-translate-y: 0; --tw-rotate: 0; --tw-skew-x: 0; --tw-skew-y: 0; --tw-scale-x: 1; --tw-scale-y: 1; --tw-pan-x: ; --tw-pan-y: ; --tw-pinch-zoom: ; --tw-scroll-snap-strictness: proximity; --tw-ordinal: ; --tw-slashed-zero: ; --tw-numeric-figure: ; --tw-numeric-spacing: ; --tw-numeric-fraction: ; --tw-ring-inset: ; --tw-ring-offset-width: 0px; --tw-ring-offset-color: #fff; --tw-ring-color: rgb(59 130 246 / 0.5); --tw-ring-offset-shadow: 0 0 #0000; --tw-ring-shadow: 0 0 #0000; --tw-shadow: 0 0 #0000; --tw-shadow-colored: 0 0 #0000; --tw-blur: ; --tw-brightness: ; --tw-contrast: ; --tw-grayscale: ; --tw-hue-rotate: ; --tw-invert: ; --tw-saturate: ; --tw-sepia: ; --tw-drop-shadow: ; --tw-backdrop-blur: ; --tw-backdrop-brightness: ; --tw-backdrop-contrast: ; --tw-backdrop-grayscale: ; --tw-backdrop-hue-rotate: ; --tw-backdrop-invert: ; --tw-backdrop-opacity: ; --tw-backdrop-saturate: ; --tw-backdrop-sepia: ; transition: all 0.5s ease 0s;\"><b>Acidalante:</b></span>&nbsp;Acido cítrico (INS 330)</p><p style=\"border-width: 0px; border-style: solid; border-color: rgb(229, 231, 235); --tw-border-spacing-x: 0; --tw-border-spacing-y: 0; --tw-translate-x: 0; --tw-translate-y: 0; --tw-rotate: 0; --tw-skew-x: 0; --tw-skew-y: 0; --tw-scale-x: 1; --tw-scale-y: 1; --tw-pan-x: ; --tw-pan-y: ; --tw-pinch-zoom: ; --tw-scroll-snap-strictness: proximity; --tw-ordinal: ; --tw-slashed-zero: ; --tw-numeric-figure: ; --tw-numeric-spacing: ; --tw-numeric-fraction: ; --tw-ring-inset: ; --tw-ring-offset-width: 0px; --tw-ring-offset-color: #fff; --tw-ring-color: rgb(59 130 246 / 0.5); --tw-ring-offset-shadow: 0 0 #0000; --tw-ring-shadow: 0 0 #0000; --tw-shadow: 0 0 #0000; --tw-shadow-colored: 0 0 #0000; --tw-blur: ; --tw-brightness: ; --tw-contrast: ; --tw-grayscale: ; --tw-hue-rotate: ; --tw-invert: ; --tw-saturate: ; --tw-sepia: ; --tw-drop-shadow: ; --tw-backdrop-blur: ; --tw-backdrop-brightness: ; --tw-backdrop-contrast: ; --tw-backdrop-grayscale: ; --tw-backdrop-hue-rotate: ; --tw-backdrop-invert: ; --tw-backdrop-opacity: ; --tw-backdrop-saturate: ; --tw-backdrop-sepia: ; transition: all 0.5s ease 0s; margin-bottom: 0px; line-height: 15px;\"><span style=\"border-width: 0px; border-style: solid; border-color: rgb(229, 231, 235); --tw-border-spacing-x: 0; --tw-border-spacing-y: 0; --tw-translate-x: 0; --tw-translate-y: 0; --tw-rotate: 0; --tw-skew-x: 0; --tw-skew-y: 0; --tw-scale-x: 1; --tw-scale-y: 1; --tw-pan-x: ; --tw-pan-y: ; --tw-pinch-zoom: ; --tw-scroll-snap-strictness: proximity; --tw-ordinal: ; --tw-slashed-zero: ; --tw-numeric-figure: ; --tw-numeric-spacing: ; --tw-numeric-fraction: ; --tw-ring-inset: ; --tw-ring-offset-width: 0px; --tw-ring-offset-color: #fff; --tw-ring-color: rgb(59 130 246 / 0.5); --tw-ring-offset-shadow: 0 0 #0000; --tw-ring-shadow: 0 0 #0000; --tw-shadow: 0 0 #0000; --tw-shadow-colored: 0 0 #0000; --tw-blur: ; --tw-brightness: ; --tw-contrast: ; --tw-grayscale: ; --tw-hue-rotate: ; --tw-invert: ; --tw-saturate: ; --tw-sepia: ; --tw-drop-shadow: ; --tw-backdrop-blur: ; --tw-backdrop-brightness: ; --tw-backdrop-contrast: ; --tw-backdrop-grayscale: ; --tw-backdrop-hue-rotate: ; --tw-backdrop-invert: ; --tw-backdrop-opacity: ; --tw-backdrop-saturate: ; --tw-backdrop-sepia: ; transition: all 0.5s ease 0s;\"><b>Conservador:</b></span>&nbsp;Nitrato de sodio y nitrito de sodio (INS 251-250)</p><p style=\"border-width: 0px; border-style: solid; border-color: rgb(229, 231, 235); --tw-border-spacing-x: 0; --tw-border-spacing-y: 0; --tw-translate-x: 0; --tw-translate-y: 0; --tw-rotate: 0; --tw-skew-x: 0; --tw-skew-y: 0; --tw-scale-x: 1; --tw-scale-y: 1; --tw-pan-x: ; --tw-pan-y: ; --tw-pinch-zoom: ; --tw-scroll-snap-strictness: proximity; --tw-ordinal: ; --tw-slashed-zero: ; --tw-numeric-figure: ; --tw-numeric-spacing: ; --tw-numeric-fraction: ; --tw-ring-inset: ; --tw-ring-offset-width: 0px; --tw-ring-offset-color: #fff; --tw-ring-color: rgb(59 130 246 / 0.5); --tw-ring-offset-shadow: 0 0 #0000; --tw-ring-shadow: 0 0 #0000; --tw-shadow: 0 0 #0000; --tw-shadow-colored: 0 0 #0000; --tw-blur: ; --tw-brightness: ; --tw-contrast: ; --tw-grayscale: ; --tw-hue-rotate: ; --tw-invert: ; --tw-saturate: ; --tw-sepia: ; --tw-drop-shadow: ; --tw-backdrop-blur: ; --tw-backdrop-brightness: ; --tw-backdrop-contrast: ; --tw-backdrop-grayscale: ; --tw-backdrop-hue-rotate: ; --tw-backdrop-invert: ; --tw-backdrop-opacity: ; --tw-backdrop-saturate: ; --tw-backdrop-sepia: ; transition: all 0.5s ease 0s; margin-bottom: 0px; line-height: 15px;\"><b><span style=\"border-width: 0px; border-style: solid; border-color: rgb(229, 231, 235); --tw-border-spacing-x: 0; --tw-border-spacing-y: 0; --tw-translate-x: 0; --tw-translate-y: 0; --tw-rotate: 0; --tw-skew-x: 0; --tw-skew-y: 0; --tw-scale-x: 1; --tw-scale-y: 1; --tw-pan-x: ; --tw-pan-y: ; --tw-pinch-zoom: ; --tw-scroll-snap-strictness: proximity; --tw-ordinal: ; --tw-slashed-zero: ; --tw-numeric-figure: ; --tw-numeric-spacing: ; --tw-numeric-fraction: ; --tw-ring-inset: ; --tw-ring-offset-width: 0px; --tw-ring-offset-color: #fff; --tw-ring-color: rgb(59 130 246 / 0.5); --tw-ring-offset-shadow: 0 0 #0000; --tw-ring-shadow: 0 0 #0000; --tw-shadow: 0 0 #0000; --tw-shadow-colored: 0 0 #0000; --tw-blur: ; --tw-brightness: ; --tw-contrast: ; --tw-grayscale: ; --tw-hue-rotate: ; --tw-invert: ; --tw-saturate: ; --tw-sepia: ; --tw-drop-shadow: ; --tw-backdrop-blur: ; --tw-backdrop-brightness: ; --tw-backdrop-contrast: ; --tw-backdrop-grayscale: ; --tw-backdrop-hue-rotate: ; --tw-backdrop-invert: ; --tw-backdrop-opacity: ; --tw-backdrop-saturate: ; --tw-backdrop-sepia: ; transition: all 0.5s ease 0s;\">Colorante:</span>&nbsp;</b>Cochinilla (INS 120)</p>", "descripcion_en": "", "descripcion_ru": "", "descripcion_zh_hans": ""}}, {"model": "products.product", "pk": 20, "fields": {"nombre": "Fiambre Cervecero en barra", "nombre_es": "Fiambre Cervecero en barra", "nombre_en": null, "nombre_ru": null, "nombre_zh_hans": null, "url": "fiambre-cervecero", "miniatura": "fiambre-cervecero-en-barra.jpg", "destacado": false, "sub_categoria": 3, "porcion": 1, "unidad": "kg (1 barra)", "descripcion": "", "descripcion_es": "", "descripcion_en": "", "descripcion_ru": "", "descripcion_zh_hans": ""}}, {"model": "products.product", "pk": 21, "fields": {"nombre": "Chorizo Toscana Tradicional", "nombre_es": "Chorizo Toscana Tradicional", "nombre_en": null, "nombre_ru": null, "nombre_zh_hans": null, "url": "chorizo-toscana-tradicional", "miniatura": "Toscana-tradicional.jpg", "destacado": false, "sub_categoria": 1, "porcion": 1, "unidad": "kg (1 bolsa)", "descripcion": "<p style=\"\"><b>Ingredientes:</b>&nbsp;Carne porcina, agua, tocino, sal fina, mezcla de especias (pimienta negra, aji molido, kuratú, ajo. cebollita en hojas)</p><p style=\"\"><b>Antioxidante:</b>&nbsp;Eritorbato de sodio (INS 316)</p><p style=\"\"><b>Estabilizante:</b> Polifosfato de sodio (INS 452i)</p><p style=\"\"><b>Conservador:</b>&nbsp;Nitrato de sodio y nitrito de sodio (INS 251-250)</p>", "descripcion_es": "<p style=\"\"><b>Ingredientes:</b>&nbsp;Carne porcina, agua, tocino, sal fina, mezcla de especias (pimienta negra, aji molido, kuratú, ajo. cebollita en hojas)</p><p style=\"\"><b>Antioxidante:</b>&nbsp;Eritorbato de sodio (INS 316)</p><p style=\"\"><b>Estabilizante:</b> Polifosfato de sodio (INS 452i)</p><p style=\"\"><b>Conservador:</b>&nbsp;Nitrato de sodio y nitrito de sodio (INS 251-250)</p>", "descripcion_en": "", "descripcion_ru": "", "descripcion_zh_hans": ""}}, {"model": "products.product", "pk": 22, "fields": {"nombre": "Chorizo Toscana con Ajo", "nombre_es": "Chorizo Toscana con Ajo", "nombre_en": null, "nombre_ru": null, "nombre_zh_hans": null, "url": "chorizo-toscana-con-ajo", "miniatura": "Toscana-con-ajo.jpg", "destacado": false, "sub_categoria": 1, "porcion": 1, "unidad": "kg (1 bolsa)", "descripcion": "<p style=\"\"><b>Ingredientes:</b>&nbsp;Carne porcina,agua,ajo en pasta,azúcar,sal fina</p><p style=\"\"><b>Antioxidante:</b>&nbsp;Eritorbato de sodio (INS 316)</p><p style=\"\"><b>Estabilizante:</b>&nbsp;Polifosfato de sodio (INS 452i)</p><p style=\"\"><b>Estabilizador de sabor:</b>&nbsp;Glutamato de sodio (INS 621)</p><p style=\"\"><b>Conservador:</b>&nbsp;Nitrato de sodio y nitrito de sodio (INS 251-250)</p><p style=\"\"><b>Colorante:</b> Cochinilla (INS 120)</p>", "descripcion_es": "<p style=\"\"><b>Ingredientes:</b>&nbsp;Carne porcina,agua,ajo en pasta,azúcar,sal fina</p><p style=\"\"><b>Antioxidante:</b>&nbsp;Eritorbato de sodio (INS 316)</p><p style=\"\"><b>Estabilizante:</b>&nbsp;Polifosfato de sodio (INS 452i)</p><p style=\"\"><b>Estabilizador de sabor:</b>&nbsp;Glutamato de sodio (INS 621)</p><p style=\"\"><b>Conservador:</b>&nbsp;Nitrato de sodio y nitrito de sodio (INS 251-250)</p><p style=\"\"><b>Colorante:</b> Cochinilla (INS 120)</p>", "descripcion_en": "", "descripcion_ru": "", "descripcion_zh_hans": ""}}, {"model": "products.product", "pk": 23, "fields": {"nombre": "Chorizo Toscana con Picante", "nombre_es": "Chorizo Toscana con Picante", "nombre_en": null, "nombre_ru": null, "nombre_zh_hans": null, "url": "chorizo-toscana-con-picante", "miniatura": "Toscana-picante.jpg", "destacado": false, "sub_categoria": 1, "porcion": 1, "unidad": "kg (1 bolsa)", "descripcion": "<p style=\"\"><b>Ingredientes:&nbsp;</b>Carne porcina,agua,ajo en pasta,azúcar,sal fina</p><p style=\"\"><b>Antioxidante:&nbsp;</b>Eritorbato de sodio (INS 316)</p><p style=\"\"><b>Estabilizante:&nbsp;</b>Polifosfato de sodio (INS 452i)</p><p style=\"\"><b>Estabilizador de sabor:</b>&nbsp;Glutamato de sodio (INS 621)</p><p style=\"\"><b>Conservador:</b>&nbsp;Nitrato de sodio y nitrito de sodio (INS 251-250)</p><p style=\"\"><b>Colorante:</b> Cochinilla (INS 120)</p>", "descripcion_es": "<p style=\"\"><b>Ingredientes:&nbsp;</b>Carne porcina,agua,ajo en pasta,azúcar,sal fina</p><p style=\"\"><b>Antioxidante:&nbsp;</b>Eritorbato de sodio (INS 316)</p><p style=\"\"><b>Estabilizante:&nbsp;</b>Polifosfato de sodio (INS 452i)</p><p style=\"\"><b>Estabilizador de sabor:</b>&nbsp;Glutamato de sodio (INS 621)</p><p style=\"\"><b>Conservador:</b>&nbsp;Nitrato de sodio y nitrito de sodio (INS 251-250)</p><p style=\"\"><b>Colorante:</b> Cochinilla (INS 120)</p>", "descripcion_en": "", "descripcion_ru": "", "descripcion_zh_hans": ""}}, {"model": "products.product", "pk": 24, "fields": {"nombre": "Chorizo Toscana con Hierbas Finas", "nombre_es": "Chorizo Toscana con Hierbas Finas", "nombre_en": null, "nombre_ru": null, "nombre_zh_hans": null, "url": "chorizo-toscana-con-hierbas-finas", "miniatura": "Toscana-Hierbas-Finas.jpg", "destacado": false, "sub_categoria": 1, "porcion": 1, "unidad": "kg (1 bolsa)", "descripcion": "<p style=\"\"><b>Ingredientes:</b>&nbsp;Carne porcina,agua,mezcla de especias,(cebollitas en hojas,kuratú,perejil,ajo,)azúcar,sal fina</p><p style=\"\"><b>Antioxidante:</b>&nbsp;Eritorbato de sodio (316)</p><p style=\"\"><b>Estabilizante de sodio:</b>&nbsp;Polifosfato de sodio (INS 452i)</p><p style=\"\"><b>Exaltador de sabor:</b>&nbsp;Glutamato de sodio (INS 621)</p><p style=\"\"><b>Conservador:</b>&nbsp;Nitrado de sodio y nitrito de sodio (INS 251-250)</p><p style=\"\"><b>Colorante:</b>&nbsp;Cochinilla (INS 120)</p>", "descripcion_es": "<p style=\"\"><b>Ingredientes:</b>&nbsp;Carne porcina,agua,mezcla de especias,(cebollitas en hojas,kuratú,perejil,ajo,)azúcar,sal fina</p><p style=\"\"><b>Antioxidante:</b>&nbsp;Eritorbato de sodio (316)</p><p style=\"\"><b>Estabilizante de sodio:</b>&nbsp;Polifosfato de sodio (INS 452i)</p><p style=\"\"><b>Exaltador de sabor:</b>&nbsp;Glutamato de sodio (INS 621)</p><p style=\"\"><b>Conservador:</b>&nbsp;Nitrado de sodio y nitrito de sodio (INS 251-250)</p><p style=\"\"><b>Colorante:</b>&nbsp;Cochinilla (INS 120)</p>", "descripcion_en": "", "descripcion_ru": "", "descripcion_zh_hans": ""}}, {"model": "products.product", "pk": 25, "fields": {"nombre": "Chorizo Calabresa con queso", "nombre_es": "Chorizo Calabresa con queso", "nombre_en": null, "nombre_ru": null, "nombre_zh_hans": null, "url": "chorizo-calabresa-con-queso", "miniatura": "Chorizo-calabresa-queso.jpg", "destacado": false, "sub_categoria": 1, "porcion": 300, "unidad": "g (1 paquete)", "descripcion": "", "descripcion_es": "", "descripcion_en": "", "descripcion_ru": "", "descripcion_zh_hans": ""}}, {"model": "products.product", "pk": 26, "fields": {"nombre": "Chorizo Calabreza Tradicional", "nombre_es": "Chorizo Calabreza Tradicional", "nombre_en": null, "nombre_ru": null, "nombre_zh_hans": null, "url": "chorizo-calabreza-tradicional", "miniatura": "Chorizo-calabresa.jpg", "destacado": false, "sub_categoria": 1, "porcion": 500, "unidad": "g (1 paquete)", "descripcion": "", "descripcion_es": "", "descripcion_en": "", "descripcion_ru": "", "descripcion_zh_hans": ""}}, {"model": "products.product", "pk": 27, "fields": {"nombre": "Morcilla Mediterránea", "nombre_es": "Morcilla Mediterránea", "nombre_en": null, "nombre_ru": null, "nombre_zh_hans": null, "url": "morcilla-mediterranea", "miniatura": "morcilla-con-aceitunas-mediterranea.jpg", "destacado": false, "sub_categoria": 5, "porcion": 500, "unidad": "g (1 paquete)", "descripcion": "", "descripcion_es": "", "descripcion_en": "", "descripcion_ru": "", "descripcion_zh_hans": ""}}, {"model": "products.product", "pk": 28, "fields": {"nombre": "Morcilla Española", "nombre_es": "Morcilla Española", "nombre_en": null, "nombre_ru": null, "nombre_zh_hans": null, "url": "morcilla-espanola", "miniatura": "morcilla-con-pasas-de-uva-espanola.jpg", "destacado": false, "sub_categoria": 5, "porcion": 500, "unidad": "g (1 paquete)", "descripcion": "", "descripcion_es": "", "descripcion_en": "", "descripcion_ru": "", "descripcion_zh_hans": ""}}, {"model": "products.product", "pk": 29, "fields": {"nombre": "Mercilla Mexicana", "nombre_es": "Mercilla Mexicana", "nombre_en": null, "nombre_ru": null, "nombre_zh_hans": null, "url": "mercilla-mexicana", "miniatura": "morcilla-con-picante-mexicana.jpg", "destacado": false, "sub_categoria": 5, "porcion": 500, "unidad": "g (1 paquete)", "descripcion": "", "descripcion_es": "", "descripcion_en": "", "descripcion_ru": "", "descripcion_zh_hans": ""}}, {"model": "products.product", "pk": 30, "fields": {"nombre": "Combo Parrillero", "nombre_es": "Combo Parrillero", "nombre_en": null, "nombre_ru": null, "nombre_zh_hans": null, "url": "combo-parrillero", "miniatura": "combo-parrillero.jpg", "destacado": false, "sub_categoria": 1, "porcion": 1, "unidad": "kg (1 paquete)", "descripcion": "<p>Surtido de chorizos, morcilla, parrillero con y sin picante, viena y calabresa con queso.</p>", "descripcion_es": "<p>Surtido de chorizos, morcilla, parrillero con y sin picante, viena y calabresa con queso.</p>", "descripcion_en": "", "descripcion_ru": "", "descripcion_zh_hans": ""}}, {"model": "products.product", "pk": 31, "fields": {"nombre": "Super Panchos", "nombre_es": "Super Panchos", "nombre_en": null, "nombre_ru": null, "nombre_zh_hans": null, "url": "super-panchos", "miniatura": "salchicha-super-pancho-envasada.jpg", "destacado": false, "sub_categoria": 5, "porcion": 1, "unidad": "kg (6 unidades)", "descripcion": "", "descripcion_es": "", "descripcion_en": "", "descripcion_ru": "", "descripcion_zh_hans": ""}}, {"model": "products.product", "pk": 32, "fields": {"nombre": "Paté de Higado", "nombre_es": "Paté de Higado", "nombre_en": null, "nombre_ru": null, "nombre_zh_hans": null, "url": "pate-de-higado", "miniatura": "pate-de-higado.jpg", "destacado": false, "sub_categoria": 13, "porcion": 200, "unidad": "g", "descripcion": "<p style=\"\"><b>Ingredientes:</b>&nbsp;carne porcina,agua,hígado,tocino,mezcla de especias (pimienta,comino,ajo) almidón,leche en polvo,sal fina</p><p style=\"\"><b>Antioxidante:</b>&nbsp;Eritorbato de sodio de sodio (INS 316)</p><p style=\"\"><b>Estabilizante:&nbsp;</b>Polifosfato de sodio (INS452i)</p><p style=\"\"><b>Conservador:&nbsp;</b>Nitrato de sodio y nitrito de sodio (INS 251-250)}</p>", "descripcion_es": "<p style=\"\"><b>Ingredientes:</b>&nbsp;carne porcina,agua,hígado,tocino,mezcla de especias (pimienta,comino,ajo) almidón,leche en polvo,sal fina</p><p style=\"\"><b>Antioxidante:</b>&nbsp;Eritorbato de sodio de sodio (INS 316)</p><p style=\"\"><b>Estabilizante:&nbsp;</b>Polifosfato de sodio (INS452i)</p><p style=\"\"><b>Conservador:&nbsp;</b>Nitrato de sodio y nitrito de sodio (INS 251-250)}</p>", "descripcion_en": "", "descripcion_ru": "", "descripcion_zh_hans": ""}}, {"model": "products.product", "pk": 33, "fields": {"nombre": "Pernil de Cerdo Ahumado", "nombre_es": "Pernil de Cerdo Ahumado", "nombre_en": null, "nombre_ru": null, "nombre_zh_hans": null, "url": "pernil-de-cerdo-ahumado", "miniatura": "pernil-de-cerdo.jpg", "destacado": false, "sub_categoria": 7, "porcion": 1, "unidad": "kg", "descripcion": "", "descripcion_es": "", "descripcion_en": "", "descripcion_ru": "", "descripcion_zh_hans": ""}}, {"model": "products.product", "pk": 34, "fields": {"nombre": "Panceta de Cerdo Ahumada", "nombre_es": "Panceta de Cerdo Ahumada", "nombre_en": null, "nombre_ru": null, "nombre_zh_hans": null, "url": "panceta-de-cerdo-ahumada", "miniatura": "panceta-ahumada-en-fetas.jpg", "destacado": false, "sub_categoria": 7, "porcion": 200, "unidad": "g (1 paquete)", "descripcion": "Entero o en fetas", "descripcion_es": "Entero o en fetas", "descripcion_en": "", "descripcion_ru": "", "descripcion_zh_hans": ""}}, {"model": "products.product", "pk": 35, "fields": {"nombre": "Pastrami de cerdo", "nombre_es": "Pastrami de cerdo", "nombre_en": null, "nombre_ru": null, "nombre_zh_hans": null, "url": "pastrami-de-cerdo", "miniatura": "pastrami-de-cerdo.jpg", "destacado": false, "sub_categoria": 7, "porcion": 200, "unidad": "g (1 paquete)", "descripcion": "<p>Entero o en fetas</p>", "descripcion_es": "<p>Entero o en fetas</p>", "descripcion_en": "", "descripcion_ru": "", "descripcion_zh_hans": ""}}, {"model": "products.product", "pk": 36, "fields": {"nombre": "Lomo de Cerdo", "nombre_es": "Lomo de Cerdo", "nombre_en": null, "nombre_ru": null, "nombre_zh_hans": null, "url": "lomo-de-cerdo", "miniatura": "lomo-de-cerdo-condimentado.jpg", "destacado": false, "sub_categoria": 8, "porcion": 700, "unidad": "g (1 paquete)", "descripcion": "", "descripcion_es": "", "descripcion_en": "", "descripcion_ru": "", "descripcion_zh_hans": ""}}, {"model": "products.product", "pk": 37, "fields": {"nombre": "Bife de Chorizo", "nombre_es": "Bife de Chorizo", "nombre_en": null, "nombre_ru": null, "nombre_zh_hans": null, "url": "bife-de-chorizo", "miniatura": "bife-de-chorizo-de-cerdo-condimentado.jpg", "destacado": false, "sub_categoria": 8, "porcion": 500, "unidad": "g", "descripcion": "", "descripcion_es": "", "descripcion_en": "", "descripcion_ru": "", "descripcion_zh_hans": ""}}, {"model": "products.product", "pk": 38, "fields": {"nombre": "Lomito de Cerdo", "nombre_es": "Lomito de Cerdo", "nombre_en": null, "nombre_ru": null, "nombre_zh_hans": null, "url": "lomito-de-cerdo", "miniatura": "lomito-de-cerdo-condimentado.jpg", "destacado": false, "sub_categoria": 8, "porcion": 1, "unidad": "kg (1 paquete)", "descripcion": "", "descripcion_es": "", "descripcion_en": "", "descripcion_ru": "", "descripcion_zh_hans": ""}}, {"model": "products.product", "pk": 39, "fields": {"nombre": "Tapa Cuadril de Cerdo", "nombre_es": "Tapa Cuadril de Cerdo", "nombre_en": null, "nombre_ru": null, "nombre_zh_hans": null, "url": "tapa-cuadril-de-cerdo", "miniatura": "tapa-cuadril-de-cerdo-condimentada.jpg", "destacado": false, "sub_categoria": 8, "porcion": 500, "unidad": "g (1 paquete)", "descripcion": "", "descripcion_es": "", "descripcion_en": "", "descripcion_ru": "", "descripcion_zh_hans": ""}}, {"model": "products.product", "pk": 40, "fields": {"nombre": "Matambrito de Cerdo Condimentado", "nombre_es": "Matambrito de Cerdo Condimentado", "nombre_en": null, "nombre_ru": null, "nombre_zh_hans": null, "url": "matambrito-de-cerdo-condimentado", "miniatura": "matambrito-de-cerdo-condimentado.jpg", "destacado": false, "sub_categoria": 8, "porcion": 500, "unidad": "g (1 paquete)", "descripcion": "", "descripcion_es": "", "descripcion_en": "", "descripcion_ru": "", "descripcion_zh_hans": ""}}, {"model": "products.product", "pk": 42, "fields": {"nombre": "Pastrami de Cerdo Feteado", "nombre_es": "Pastrami de Cerdo Feteado", "nombre_en": null, "nombre_ru": null, "nombre_zh_hans": null, "url": "pastrami-de-cerdo-feteado", "miniatura": "Pastrami-de-cerdo-Feteado.jpg", "destacado": true, "sub_categoria": 7, "porcion": 200, "unidad": "g", "descripcion": "", "descripcion_es": "", "descripcion_en": "", "descripcion_ru": "", "descripcion_zh_hans": ""}}, {"model": "products.product", "pk": 43, "fields": {"nombre": "Morcilla Tradicional", "nombre_es": "Morcilla Tradicional", "nombre_en": null, "nombre_ru": null, "nombre_zh_hans": null, "url": "morcilla-tradicional", "miniatura": "morcilla-tradicional.jpg", "destacado": false, "sub_categoria": 5, "porcion": 500, "unidad": "g", "descripcion": "", "descripcion_es": "", "descripcion_en": "", "descripcion_ru": "", "descripcion_zh_hans": ""}}, {"model": "products.product", "pk": 44, "fields": {"nombre": "Bondiola ahumada", "nombre_es": "Bondiola ahumada", "nombre_en": null, "nombre_ru": null, "nombre_zh_hans": null, "url": "bondiola-ahumada", "miniatura": "bondiola-ahumada.jpg", "destacado": true, "sub_categoria": 7, "porcion": null, "unidad": null, "descripcion": "", "descripcion_es": "", "descripcion_en": "", "descripcion_ru": "", "descripcion_zh_hans": ""}}, {"model": "products.product", "pk": 45, "fields": {"nombre": "Costilla de cerdo ahumada", "nombre_es": "Costilla de cerdo ahumada", "nombre_en": null, "nombre_ru": null, "nombre_zh_hans": null, "url": "costilla-de-cerdo-ahumada", "miniatura": "Costilla-ahumada_UPISA.jpg", "destacado": true, "sub_categoria": 7, "porcion": null, "unidad": null, "descripcion": "", "descripcion_es": "", "descripcion_en": "", "descripcion_ru": "", "descripcion_zh_hans": ""}}, {"model": "products.product", "pk": 46, "fields": {"nombre": "Lomito de cerdo ahumado", "nombre_es": "Lomito de cerdo ahumado", "nombre_en": null, "nombre_ru": null, "nombre_zh_hans": null, "url": "lomito-de-cerdo-ahumado", "miniatura": "lomito-de-cerdo-ahumado.jpg", "destacado": true, "sub_categoria": 7, "porcion": null, "unidad": null, "descripcion": "", "descripcion_es": "", "descripcion_en": "", "descripcion_ru": "", "descripcion_zh_hans": ""}}, {"model": "products.product", "pk": 47, "fields": {"nombre": "Panceta ahumada entera", "nombre_es": "Panceta ahumada entera", "nombre_en": null, "nombre_ru": null, "nombre_zh_hans": null, "url": "panceta-ahumada-entera", "miniatura": "panceta-ahumada-entera.jpg", "destacado": true, "sub_categoria": 7, "porcion": null, "unidad": null, "descripcion": "", "descripcion_es": "", "descripcion_en": "", "descripcion_ru": "", "descripcion_zh_hans": ""}}, {"model": "products.product", "pk": 48, "fields": {"nombre": "Bondiola de cerdo al natural", "nombre_es": "Bondiola de cerdo al natural", "nombre_en": null, "nombre_ru": null, "nombre_zh_hans": null, "url": "bondiola-de-cerdo-al-natural", "miniatura": "bondiola-de-cerdo-al-natural.jpg", "destacado": true, "sub_categoria": 10, "porcion": null, "unidad": null, "descripcion": "", "descripcion_es": "", "descripcion_en": "", "descripcion_ru": "", "descripcion_zh_hans": ""}}, {"model": "products.product", "pk": 49, "fields": {"nombre": "Carré de cerdo", "nombre_es": "Carré de cerdo", "nombre_en": null, "nombre_ru": null, "nombre_zh_hans": null, "url": "carre-de-cerdo", "miniatura": "carre-de-cerdp.jpg", "destacado": true, "sub_categoria": 10, "porcion": null, "unidad": null, "descripcion": "", "descripcion_es": "", "descripcion_en": "", "descripcion_ru": "", "descripcion_zh_hans": ""}}, {"model": "products.product", "pk": 50, "fields": {"nombre": "Chuleta de cerdo", "nombre_es": "Chuleta de cerdo", "nombre_en": null, "nombre_ru": null, "nombre_zh_hans": null, "url": "chuleta-de-cerdo", "miniatura": "chuleta-de-cerdo.jpg", "destacado": true, "sub_categoria": 10, "porcion": null, "unidad": null, "descripcion": "", "descripcion_es": "", "descripcion_en": "", "descripcion_ru": "", "descripcion_zh_hans": ""}}, {"model": "products.product", "pk": 51, "fields": {"nombre": "Costilla de cerdo cortada", "nombre_es": "Costilla de cerdo cortada", "nombre_en": null, "nombre_ru": null, "nombre_zh_hans": null, "url": "costilla-de-cerdo-cortada", "miniatura": "costilla-de-cerdo-cortada.jpg", "destacado": true, "sub_categoria": 10, "porcion": null, "unidad": null, "descripcion": "", "descripcion_es": "", "descripcion_en": "", "descripcion_ru": "", "descripcion_zh_hans": ""}}, {"model": "products.product", "pk": 52, "fields": {"nombre": "Costilla grill de cerdo", "nombre_es": "Costilla grill de cerdo", "nombre_en": null, "nombre_ru": null, "nombre_zh_hans": null, "url": "costilla-grill-de-cerdo", "miniatura": "costilla-grill-de-cerdo.jpg", "destacado": true, "sub_categoria": 10, "porcion": null, "unidad": null, "descripcion": "", "descripcion_es": "", "descripcion_en": "", "descripcion_ru": "", "descripcion_zh_hans": ""}}, {"model": "products.product", "pk": 53, "fields": {"nombre": "Costilla grill entera", "nombre_es": "Costilla grill entera", "nombre_en": null, "nombre_ru": null, "nombre_zh_hans": null, "url": "costilla-grill-entera", "miniatura": "costilla-grill-entera.jpg", "destacado": true, "sub_categoria": 10, "porcion": null, "unidad": null, "descripcion": "", "descripcion_es": "", "descripcion_en": "", "descripcion_ru": "", "descripcion_zh_hans": ""}}, {"model": "products.product", "pk": 54, "fields": {"nombre": "Costilla grill popular", "nombre_es": "Costilla grill popular", "nombre_en": null, "nombre_ru": null, "nombre_zh_hans": null, "url": "costilla-grill-popular", "miniatura": "costilla-grill-popular.jpg", "destacado": true, "sub_categoria": 10, "porcion": null, "unidad": null, "descripcion": "", "descripcion_es": "", "descripcion_en": "", "descripcion_ru": "", "descripcion_zh_hans": ""}}, {"model": "products.product", "pk": 55, "fields": {"nombre": "Costilla mega Ribbs", "nombre_es": "Costilla mega Ribbs", "nombre_en": null, "nombre_ru": null, "nombre_zh_hans": null, "url": "costilla-mega-ribbs", "miniatura": "costilla-mega-ribbs.jpg", "destacado": true, "sub_categoria": 10, "porcion": null, "unidad": null, "descripcion": "", "descripcion_es": "", "descripcion_en": "", "descripcion_ru": "", "descripcion_zh_hans": ""}}, {"model": "products.product", "pk": 56, "fields": {"nombre": "Costilla plancha de cerdo", "nombre_es": "Costilla plancha de cerdo", "nombre_en": null, "nombre_ru": null, "nombre_zh_hans": null, "url": "costilla-plancha-de-cerdo", "miniatura": "costilla-plancha-de-cerdo.jpg", "destacado": true, "sub_categoria": 10, "porcion": null, "unidad": null, "descripcion": "", "descripcion_es": "", "descripcion_en": "", "descripcion_ru": "", "descripcion_zh_hans": ""}}, {"model": "products.product", "pk": 57, "fields": {"nombre": "Lomito de cerdo congelado", "nombre_es": "Lomito de cerdo congelado", "nombre_en": null, "nombre_ru": null, "nombre_zh_hans": null, "url": "lomito-de-cerdo-congelado", "miniatura": "lomito-de-cerdo.jpg", "destacado": true, "sub_categoria": 10, "porcion": null, "unidad": null, "descripcion": "", "descripcion_es": "", "descripcion_en": "", "descripcion_ru": "", "descripcion_zh_hans": ""}}, {"model": "products.product", "pk": 58, "fields": {"nombre": "Lomo de cerdo congelado", "nombre_es": "Lomo de cerdo congelado", "nombre_en": null, "nombre_ru": null, "nombre_zh_hans": null, "url": "lomo-de-cerdo-congelado", "miniatura": "lomo-de-cerdo.jpg", "destacado": true, "sub_categoria": 10, "porcion": null, "unidad": null, "descripcion": "", "descripcion_es": "", "descripcion_en": "", "descripcion_ru": "", "descripcion_zh_hans": ""}}, {"model": "products.product", "pk": 59, "fields": {"nombre": "Paleta de cerdo con hueso sin piel", "nombre_es": "Paleta de cerdo con hueso sin piel", "nombre_en": null, "nombre_ru": null, "nombre_zh_hans": null, "url": "paleta-de-cerdo-con-hueso-sin-piel", "miniatura": "paleta-de-cerdo-con-hueso-sin-piel.jpg", "destacado": true, "sub_categoria": 10, "porcion": null, "unidad": null, "descripcion": "", "descripcion_es": "", "descripcion_en": "", "descripcion_ru": "", "descripcion_zh_hans": ""}}, {"model": "products.product", "pk": 60, "fields": {"nombre": "Pierna con hueso feteada", "nombre_es": "Pierna con hueso feteada", "nombre_en": null, "nombre_ru": null, "nombre_zh_hans": null, "url": "pierna-con-hueso-feteada", "miniatura": "pierna-con-hueso-feteada.jpg", "destacado": true, "sub_categoria": 10, "porcion": null, "unidad": null, "descripcion": "", "descripcion_es": "", "descripcion_en": "", "descripcion_ru": "", "descripcion_zh_hans": ""}}, {"model": "products.product", "pk": 61, "fields": {"nombre": "Pierna con hueso sin piel", "nombre_es": "Pierna con hueso sin piel", "nombre_en": null, "nombre_ru": null, "nombre_zh_hans": null, "url": "pierna-con-hueso-sin-piel", "miniatura": "pierna-con-hueso-sin-piel.jpg", "destacado": true, "sub_categoria": 10, "porcion": null, "unidad": null, "descripcion": "", "descripcion_es": "", "descripcion_en": "", "descripcion_ru": "", "descripcion_zh_hans": ""}}, {"model": "products.product", "pk": 62, "fields": {"nombre": "Grasa de cerdo 20lts", "nombre_es": "Grasa de cerdo 20lts", "nombre_en": null, "nombre_ru": null, "nombre_zh_hans": null, "url": "grasa-de-cerdo-20lts", "miniatura": "grasa-de-cerdo.jpg", "destacado": true, "sub_categoria": 2, "porcion": null, "unidad": null, "descripcion": "", "descripcion_es": "", "descripcion_en": "", "descripcion_ru": "", "descripcion_zh_hans": ""}}, {"model": "products.product", "pk": 63, "fields": {"nombre": "Grasa de cerdo", "nombre_es": "Grasa de cerdo", "nombre_en": null, "nombre_ru": null, "nombre_zh_hans": null, "url": "grasa-de-cerdo", "miniatura": "grasa-de-cerdo-chico.jpg", "destacado": true, "sub_categoria": 2, "porcion": null, "unidad": null, "descripcion": "", "descripcion_es": "", "descripcion_en": "", "descripcion_ru": "", "descripcion_zh_hans": ""}}, {"model": "products.product", "pk": 64, "fields": {"nombre": "Hamburguesa clásica x6 unidades", "nombre_es": "Hamburguesa clásica x6 unidades", "nombre_en": null, "nombre_ru": null, "nombre_zh_hans": null, "url": "hamburguesa-clasica-x6-unidades", "miniatura": "hamburguesa-clasica-6-unidades.jpg", "destacado": true, "sub_categoria": 11, "porcion": null, "unidad": null, "descripcion": "", "descripcion_es": "", "descripcion_en": "", "descripcion_ru": "", "descripcion_zh_hans": ""}}, {"model": "products.product", "pk": 65, "fields": {"nombre": "Hamburguesa clásica x12 unidades", "nombre_es": "Hamburguesa clásica x12 unidades", "nombre_en": null, "nombre_ru": null, "nombre_zh_hans": null, "url": "hamburguesa-clasica-x12-unidades", "miniatura": "hamburguesa-clasica-12-unidades.jpg", "destacado": true, "sub_categoria": 11, "porcion": null, "unidad": null, "descripcion": "", "descripcion_es": "", "descripcion_en": "", "descripcion_ru": "", "descripcion_zh_hans": ""}}, {"model": "products.product", "pk": 68, "fields": {"nombre": "Mini Pack Parrillero", "nombre_es": "Mini Pack Parrillero", "nombre_en": null, "nombre_ru": null, "nombre_zh_hans": null, "url": "mini-pack-parrillero", "miniatura": "mini-pack-parrillero.jpg", "destacado": true, "sub_categoria": 1, "porcion": null, "unidad": null, "descripcion": "", "descripcion_es": "", "descripcion_en": "", "descripcion_ru": "", "descripcion_zh_hans": ""}}, {"model": "products.product", "pk": 69, "fields": {"nombre": "Salchicha a granel", "nombre_es": "Salchicha a granel", "nombre_en": null, "nombre_ru": null, "nombre_zh_hans": null, "url": "salchicha-a-granel", "miniatura": "salchicha-a-granel.jpg", "destacado": true, "sub_categoria": 5, "porcion": null, "unidad": null, "descripcion": "", "descripcion_es": "", "descripcion_en": "", "descripcion_ru": "", "descripcion_zh_hans": ""}}, {"model": "products.product", "pk": 70, "fields": {"nombre": "Salchicha con queso", "nombre_es": "Salchicha con queso", "nombre_en": null, "nombre_ru": null, "nombre_zh_hans": null, "url": "salchicha-con-queso", "miniatura": "salchicha-con-queso.jpg", "destacado": true, "sub_categoria": 5, "porcion": null, "unidad": null, "descripcion": "", "descripcion_es": "", "descripcion_en": "", "descripcion_ru": "", "descripcion_zh_hans": ""}}, {"model": "products.product", "pk": 71, "fields": {"nombre": "Pack Mixto", "nombre_es": "Pack Mixto", "nombre_en": null, "nombre_ru": null, "nombre_zh_hans": null, "url": "pack-mixto", "miniatura": "Pack-mixto_UPISA.jpg", "destacado": true, "sub_categoria": 3, "porcion": null, "unidad": null, "descripcion": "", "descripcion_es": "", "descripcion_en": "", "descripcion_ru": "", "descripcion_zh_hans": ""}}, {"model": "products.product", "pk": 73, "fields": {"nombre": "Bola de Lomo", "nombre_es": "Bola de Lomo", "nombre_en": null, "nombre_ru": null, "nombre_zh_hans": null, "url": "bola-de-lomo", "miniatura": "Bola-de-lomo_UPISA.jpg", "destacado": true, "sub_categoria": 12, "porcion": null, "unidad": null, "descripcion": "", "descripcion_es": "", "descripcion_en": "", "descripcion_ru": "", "descripcion_zh_hans": ""}}, {"model": "products.product", "pk": 74, "fields": {"nombre": "Bondiola", "nombre_es": "Bondiola", "nombre_en": null, "nombre_ru": null, "nombre_zh_hans": null, "url": "bondiola", "miniatura": "Bondiola-de-cerdo.jpg", "destacado": true, "sub_categoria": 12, "porcion": null, "unidad": null, "descripcion": "", "descripcion_es": "", "descripcion_en": "", "descripcion_ru": "", "descripcion_zh_hans": ""}}, {"model": "products.product", "pk": 75, "fields": {"nombre": "Costilla de cerdo", "nombre_es": "Costilla de cerdo", "nombre_en": null, "nombre_ru": null, "nombre_zh_hans": null, "url": "costilla-de-cerdo", "miniatura": "Costilla-de-cerdo.jpg", "destacado": true, "sub_categoria": 12, "porcion": null, "unidad": null, "descripcion": "", "descripcion_es": "", "descripcion_en": "", "descripcion_ru": "", "descripcion_zh_hans": ""}}, {"model": "products.product", "pk": 76, "fields": {"nombre": "Pulpa Negra", "nombre_es": "Pulpa Negra", "nombre_en": null, "nombre_ru": null, "nombre_zh_hans": null, "url": "pulpa-negra", "miniatura": "pulpa-negra.jpg", "destacado": true, "sub_categoria": 12, "porcion": null, "unidad": null, "descripcion": "", "descripcion_es": "", "descripcion_en": "", "descripcion_ru": "", "descripcion_zh_hans": ""}}, {"model": "products.product", "pk": 77, "fields": {"nombre": "Tapa Cuadril", "nombre_es": "Tapa Cuadril", "nombre_en": null, "nombre_ru": null, "nombre_zh_hans": null, "url": "tapa-cuadril", "miniatura": "Tapa-cuadril_UPISA.jpg", "destacado": true, "sub_categoria": 12, "porcion": null, "unidad": null, "descripcion": "", "descripcion_es": "", "descripcion_en": "", "descripcion_ru": "", "descripcion_zh_hans": ""}}, {"model": "products.valoresnutricionales", "pk": 1, "fields": {"product": 1, "energetico": "148 Kcal=631 Kj", "vd_energetico": 7, "carbohidratos": "0g", "vd_carbohidratos": 0, "proteinas": "7g", "vd_proteinas": 9, "grasas": "14g", "vd_grasas": 25, "grasas_saturadas": "6g", "vd_grasas_saturadas": 27, "grasas_trans": "0.7g", "vd_grasas_trans": 0, "fibra": "0g", "vd_fibra": 0, "sodio": "584mg", "vd_sodio": 24}}, {"model": "products.valoresnutricionales", "pk": 2, "fields": {"product": 2, "energetico": "118 Kcal=463 Kj", "vd_energetico": 6, "carbohidratos": "4g", "vd_carbohidratos": 1, "proteinas": "5g", "vd_proteinas": 7, "grasas": "9g", "vd_grasas": 17, "grasas_saturadas": "4g", "vd_grasas_saturadas": 18, "grasas_trans": "0.5g", "vd_grasas_trans": 0, "fibra": "0g", "vd_fibra": 0, "sodio": "369mg", "vd_sodio": 15}}, {"model": "products.valoresnutricionales", "pk": 3, "fields": {"product": 3, "energetico": "85 Kcal=362 Kj", "vd_energetico": 4, "carbohidratos": "3g", "vd_carbohidratos": 1, "proteinas": "4.1g", "vd_proteinas": 5, "grasas": "6.1g", "vd_grasas": 11, "grasas_saturadas": "3g", "vd_grasas_saturadas": 14, "grasas_trans": "0.3g", "vd_grasas_trans": 0, "fibra": "0.1g", "vd_fibra": 0, "sodio": "408mg", "vd_sodio": 17}}, {"model": "products.valoresnutricionales", "pk": 4, "fields": {"product": 4, "energetico": "115 Kcal=489 Kj", "vd_energetico": 6, "carbohidratos": "3g", "vd_carbohidratos": 1, "proteinas": "5,8g", "vd_proteinas": 8, "grasas": "9g", "vd_grasas": 16, "grasas_saturadas": "4g", "vd_grasas_saturadas": 18, "grasas_trans": "0.5g", "vd_grasas_trans": 0, "fibra": "0g", "vd_fibra": 0, "sodio": "435mg", "vd_sodio": 18}}, {"model": "products.valoresnutricionales", "pk": 5, "fields": {"product": 5, "energetico": "105 Kcal=448 Kj", "vd_energetico": 5, "carbohidratos": "2g", "vd_carbohidratos": 1, "proteinas": "6g", "vd_proteinas": 8, "grasas": "8g", "vd_grasas": 15, "grasas_saturadas": "4g", "vd_grasas_saturadas": 18, "grasas_trans": "0,4g", "vd_grasas_trans": 0, "fibra": "0g", "vd_fibra": 0, "sodio": "411mg", "vd_sodio": 17}}, {"model": "products.valoresnutricionales", "pk": 6, "fields": {"product": 6, "energetico": "119 Kcal=507Kj", "vd_energetico": 6, "carbohidratos": "1g", "vd_carbohidratos": 0, "proteinas": "8g", "vd_proteinas": 10, "grasas": "10g", "vd_grasas": 17, "grasas_saturadas": "5g", "vd_grasas_saturadas": 23, "grasas_trans": "0,5g", "vd_grasas_trans": 0, "fibra": "0g", "vd_fibra": 0, "sodio": "440mg", "vd_sodio": 18}}, {"model": "products.valoresnutricionales", "pk": 7, "fields": {"product": 7, "energetico": "122 Kcal=518 Kj", "vd_energetico": 6, "carbohidratos": "0g", "vd_carbohidratos": 0, "proteinas": "8g", "vd_proteinas": 11, "grasas": "10g", "vd_grasas": 18, "grasas_saturadas": "5g", "vd_grasas_saturadas": 23, "grasas_trans": "0.5g", "vd_grasas_trans": 0, "fibra": "0g", "vd_fibra": 0, "sodio": "428mg", "vd_sodio": 18}}, {"model": "products.valoresnutricionales", "pk": 8, "fields": {"product": 8, "energetico": "106 Kcal=Kj452", "vd_energetico": 5, "carbohidratos": "0g", "vd_carbohidratos": 0, "proteinas": "6g", "vd_proteinas": 8, "grasas": "9g", "vd_grasas": 16, "grasas_saturadas": "4g", "vd_grasas_saturadas": 18, "grasas_trans": "0,5g", "vd_grasas_trans": 0, "fibra": "0g", "vd_fibra": 0, "sodio": "118mg", "vd_sodio": 5}}, {"model": "products.valoresnutricionales", "pk": 9, "fields": {"product": 9, "energetico": "106 Kcal=452Kj", "vd_energetico": 5, "carbohidratos": "2g", "vd_carbohidratos": 1, "proteinas": "6g", "vd_proteinas": 7, "grasas": "8g", "vd_grasas": 15, "grasas_saturadas": "4g", "vd_grasas_saturadas": 18, "grasas_trans": "0,4g", "vd_grasas_trans": 0, "fibra": "0g", "vd_fibra": 0, "sodio": "260mg", "vd_sodio": 11}}, {"model": "products.valoresnutricionales", "pk": 10, "fields": {"product": 10, "energetico": "104 Kcal=442Kj", "vd_energetico": 5, "carbohidratos": "0 g", "vd_carbohidratos": 0, "proteinas": "6 g", "vd_proteinas": 8, "grasas": "9 g", "vd_grasas": 16, "grasas_saturadas": "4 g", "vd_grasas_saturadas": 18, "grasas_trans": "0,5 g", "vd_grasas_trans": 0, "fibra": "0% g", "vd_fibra": 0, "sodio": "174mg", "vd_sodio": 7}}, {"model": "products.valoresnutricionales", "pk": 11, "fields": {"product": 11, "energetico": "103 Kcal=436Kj", "vd_energetico": 5, "carbohidratos": "0 g", "vd_carbohidratos": 0, "proteinas": "6 g", "vd_proteinas": 8, "grasas": "9 g", "vd_grasas": 16, "grasas_saturadas": "4 g", "vd_grasas_saturadas": 18, "grasas_trans": "0,5 g", "vd_grasas_trans": 0, "fibra": "0 g", "vd_fibra": 0, "sodio": "122mg", "vd_sodio": 5}}, {"model": "products.valoresnutricionales", "pk": 12, "fields": {"product": 12, "energetico": "148 Kcal=452Kj", "vd_energetico": 7, "carbohidratos": "3 g", "vd_carbohidratos": 1, "proteinas": "7 g", "vd_proteinas": 9, "grasas": "12 g", "vd_grasas": 23, "grasas_saturadas": "6 g", "vd_grasas_saturadas": 27, "grasas_trans": "0,6 g", "vd_grasas_trans": 0, "fibra": "0% g", "vd_fibra": 0, "sodio": "566mg", "vd_sodio": 24}}, {"model": "products.valoresnutricionales", "pk": 13, "fields": {"product": 13, "energetico": "105 Kcal=448 Kj", "vd_energetico": 5, "carbohidratos": "2 g", "vd_carbohidratos": 1, "proteinas": "6 g", "vd_proteinas": 8, "grasas": "8 g", "vd_grasas": 15, "grasas_saturadas": "4 g", "vd_grasas_saturadas": 18, "grasas_trans": "0,4 g", "vd_grasas_trans": 0, "fibra": "0% g", "vd_fibra": 0, "sodio": "411mg", "vd_sodio": 17}}, {"model": "products.valoresnutricionales", "pk": 14, "fields": {"product": 14, "energetico": "106 Kcal=452 Kj", "vd_energetico": 5, "carbohidratos": "0 g", "vd_carbohidratos": 0, "proteinas": "6 g", "vd_proteinas": 8, "grasas": "6,1 g", "vd_grasas": 11, "grasas_saturadas": "4 g", "vd_grasas_saturadas": 18, "grasas_trans": "0,5 g", "vd_grasas_trans": 0, "fibra": "0 g", "vd_fibra": 0, "sodio": "118mg", "vd_sodio": 5}}, {"model": "products.valoresnutricionales", "pk": 15, "fields": {"product": 15, "energetico": "115 Kcal=489 Kj", "vd_energetico": 6, "carbohidratos": "3 g", "vd_carbohidratos": 1, "proteinas": "5,8 g", "vd_proteinas": 8, "grasas": "9 g", "vd_grasas": 16, "grasas_saturadas": "4 g", "vd_grasas_saturadas": 18, "grasas_trans": "0,5 g", "vd_grasas_trans": 0, "fibra": "0 g", "vd_fibra": 0, "sodio": "435 mg", "vd_sodio": 18}}, {"model": "products.valoresnutricionales", "pk": 16, "fields": {"product": 16, "energetico": "118 Kcal=463 Kj", "vd_energetico": 6, "carbohidratos": "4g", "vd_carbohidratos": 1, "proteinas": "5g", "vd_proteinas": 7, "grasas": "9g", "vd_grasas": 17, "grasas_saturadas": "4g", "vd_grasas_saturadas": 18, "grasas_trans": "0.5g", "vd_grasas_trans": 0, "fibra": "0g", "vd_fibra": 0, "sodio": "369mg", "vd_sodio": 15}}, {"model": "products.valoresnutricionales", "pk": 17, "fields": {"product": 17, "energetico": "85 Kcal=362 Kj", "vd_energetico": 4, "carbohidratos": "3g", "vd_carbohidratos": 1, "proteinas": "4.1g", "vd_proteinas": 5, "grasas": "6.1g", "vd_grasas": 11, "grasas_saturadas": "3g", "vd_grasas_saturadas": 14, "grasas_trans": "0.3g", "vd_grasas_trans": 0, "fibra": "0.1", "vd_fibra": 0, "sodio": "408mg", "vd_sodio": 17}}, {"model": "products.valoresnutricionales", "pk": 18, "fields": {"product": 18, "energetico": "109 Kcal=463 Kj", "vd_energetico": 5, "carbohidratos": "4 g", "vd_carbohidratos": 1, "proteinas": "6 g", "vd_proteinas": 7, "grasas": "8 g", "vd_grasas": 14, "grasas_saturadas": "4 g", "vd_grasas_saturadas": 18, "grasas_trans": "0,4 g", "vd_grasas_trans": 0, "fibra": "0% g", "vd_fibra": 0, "sodio": "450mg", "vd_sodio": 19}}, {"model": "products.valoresnutricionales", "pk": 19, "fields": {"product": 19, "energetico": "109 Kcal=463 Kj", "vd_energetico": 5, "carbohidratos": "4 g", "vd_carbohidratos": 1, "proteinas": "6 g", "vd_proteinas": 7, "grasas": "8 g", "vd_grasas": 14, "grasas_saturadas": "4 g", "vd_grasas_saturadas": 18, "grasas_trans": "0,4 g", "vd_grasas_trans": 0, "fibra": "0% g", "vd_fibra": 0, "sodio": "450mg", "vd_sodio": 19}}, {"model": "products.valoresnutricionales", "pk": 20, "fields": {"product": 20, "energetico": "110 Kcal=467 Kj", "vd_energetico": 6, "carbohidratos": "3g", "vd_carbohidratos": 1, "proteinas": "6.2g", "vd_proteinas": 8, "grasas": "8.5g", "vd_grasas": 16, "grasas_saturadas": "4g", "vd_grasas_saturadas": 18, "grasas_trans": "0.4g", "vd_grasas_trans": 0, "fibra": "0.4g", "vd_fibra": 0, "sodio": "456mg", "vd_sodio": 19}}, {"model": "products.valoresnutricionales", "pk": 21, "fields": {"product": 21, "energetico": "148 Kcal=452Kj", "vd_energetico": 7, "carbohidratos": "3 g", "vd_carbohidratos": 1, "proteinas": "7 g", "vd_proteinas": 9, "grasas": "12 g", "vd_grasas": 23, "grasas_saturadas": "6 g", "vd_grasas_saturadas": 27, "grasas_trans": "0,6 g", "vd_grasas_trans": 0, "fibra": "0% g", "vd_fibra": 0, "sodio": "566mg", "vd_sodio": 24}}, {"model": "products.valoresnutricionales", "pk": 22, "fields": {"product": 22, "energetico": "106Kcal=452Kj", "vd_energetico": 5, "carbohidratos": "2 g", "vd_carbohidratos": 1, "proteinas": "6 g", "vd_proteinas": 7, "grasas": "18 g", "vd_grasas": 15, "grasas_saturadas": "4 g", "vd_grasas_saturadas": 18, "grasas_trans": "0,4 g", "vd_grasas_trans": 0, "fibra": "0% g", "vd_fibra": 0, "sodio": "260mg", "vd_sodio": 11}}, {"model": "products.valoresnutricionales", "pk": 23, "fields": {"product": 23, "energetico": "106Kcal=452Kj", "vd_energetico": 5, "carbohidratos": "2 g", "vd_carbohidratos": 1, "proteinas": "6 g", "vd_proteinas": 7, "grasas": "18 g", "vd_grasas": 15, "grasas_saturadas": "4 g", "vd_grasas_saturadas": 18, "grasas_trans": "0,4 g", "vd_grasas_trans": 0, "fibra": "0% g", "vd_fibra": 0, "sodio": "260mg", "vd_sodio": 11}}, {"model": "products.valoresnutricionales", "pk": 24, "fields": {"product": 24, "energetico": "103 Kcal=436Kj", "vd_energetico": 5, "carbohidratos": "0 g", "vd_carbohidratos": 0, "proteinas": "6 g", "vd_proteinas": 8, "grasas": "9 g", "vd_grasas": 16, "grasas_saturadas": "4 g", "vd_grasas_saturadas": 18, "grasas_trans": "0,5 g", "vd_grasas_trans": 0, "fibra": "0% g", "vd_fibra": 0, "sodio": "122mg", "vd_sodio": 5}}, {"model": "products.valoresnutricionales", "pk": 25, "fields": {"product": 32, "energetico": "28 Kcal=118 Kj", "vd_energetico": 1, "carbohidratos": "1 g", "vd_carbohidratos": 0, "proteinas": "1,4g", "vd_proteinas": 2, "grasas": "2,1 g", "vd_grasas": 4, "grasas_saturadas": "1 g", "vd_grasas_saturadas": 5, "grasas_trans": "0,5 g", "vd_grasas_trans": 0, "fibra": "0% g", "vd_fibra": 0, "sodio": "111mg", "vd_sodio": 5}}, {"model": "products.valoresnutricionales", "pk": 26, "fields": {"product": 33, "energetico": "185Kcal=77Kj", "vd_energetico": 9, "carbohidratos": "0 g", "vd_carbohidratos": 0, "proteinas": "17.9 g", "vd_proteinas": 23, "grasas": "12.6 g", "vd_grasas": 22, "grasas_saturadas": "0 g", "vd_grasas_saturadas": 0, "grasas_trans": "0 g", "vd_grasas_trans": 0, "fibra": "0 g", "vd_fibra": 0, "sodio": "183.7 mg", "vd_sodio": 8}}, {"model": "products.galeria", "pk": 1, "fields": {"product": 1, "imagen": "UPISA_Catalogo_chorizo_parrillero_Tradicional.png"}}, {"model": "products.galeria", "pk": 2, "fields": {"product": 2, "imagen": "fiambre-paris-en-fetas_pXl99uJ.jpg"}}, {"model": "products.galeria", "pk": 3, "fields": {"product": 3, "imagen": "fiambre-primavera-en-fetas_2qZx4Ac.jpg"}}, {"model": "products.galeria", "pk": 4, "fields": {"product": 4, "imagen": "fiambre-especial-en-fetas_MfpMJPi.jpg"}}, {"model": "products.galeria", "pk": 5, "fields": {"product": 5, "imagen": "Org-UPISA-Jamonada_oAB1Z4a.jpg"}}, {"model": "products.galeria", "pk": 6, "fields": {"product": 6, "imagen": "salchicha-envasada_jxV2XKn.jpg"}}, {"model": "products.galeria", "pk": 7, "fields": {"product": 7, "imagen": "Chorizo-Viena_5NwM6ev.jpg"}}, {"model": "products.galeria", "pk": 8, "fields": {"product": 8, "imagen": "Org-UPISA-Jamon-Cocido_GoKN5Hd.jpg"}}, {"model": "products.galeria", "pk": 9, "fields": {"product": 9, "imagen": "pronta-toscana-con-ajo_4QIpMvz.jpg"}}, {"model": "products.galeria", "pk": 10, "fields": {"product": 10, "imagen": "pronta-toscana-picante_w5ewxoP.jpg"}}, {"model": "products.galeria", "pk": 11, "fields": {"product": 11, "imagen": "pronta-toscana-con-finas-hierbas_MTZzdHG.jpg"}}, {"model": "products.galeria", "pk": 12, "fields": {"product": 12, "imagen": "pronta-toscana-tradicional_IejOutL.jpg"}}, {"model": "products.galeria", "pk": 13, "fields": {"product": 13, "imagen": "Org-UPISA-Jamonada-Barra_hx51yyX.jpg"}}, {"model": "products.galeria", "pk": 14, "fields": {"product": 14, "imagen": "Org-UPISA-Jamon-Barra_jp8x9UR.jpg"}}, {"model": "products.galeria", "pk": 15, "fields": {"product": 15, "imagen": "Org-UPISA-Especial-Barra_gBYz5xd.jpg"}}, {"model": "products.galeria", "pk": 16, "fields": {"product": 16, "imagen": "Paris-barra_BWV0yPE.jpg"}}, {"model": "products.galeria", "pk": 17, "fields": {"product": 17, "imagen": "Fiambre-primavera-barra_Rz3NvV7.jpg"}}, {"model": "products.galeria", "pk": 18, "fields": {"product": 18, "imagen": "mortadela-en-barra_1Dpvyfw.jpg"}}, {"model": "products.galeria", "pk": 19, "fields": {"product": 19, "imagen": "mortadela-en-fetas_tpoNahU.jpg"}}, {"model": "products.galeria", "pk": 20, "fields": {"product": 20, "imagen": "fiambre-cervecero-en-barra_nKgnOy5.jpg"}}, {"model": "products.galeria", "pk": 21, "fields": {"product": 21, "imagen": "Toscana-tradicional_kvDS18o.jpg"}}, {"model": "products.galeria", "pk": 22, "fields": {"product": 22, "imagen": "Toscana-con-ajo_SVgMaj9.jpg"}}, {"model": "products.galeria", "pk": 23, "fields": {"product": 23, "imagen": "Toscana-picante_yK13pD4.jpg"}}, {"model": "products.galeria", "pk": 24, "fields": {"product": 24, "imagen": "Toscana-Hierbas-Finas_VNnD5S7.jpg"}}, {"model": "products.galeria", "pk": 25, "fields": {"product": 25, "imagen": "Chorizo-calabresa-queso_H3D4409.jpg"}}, {"model": "products.galeria", "pk": 26, "fields": {"product": 26, "imagen": "Chorizo-calabresa_zsdhdbq.jpg"}}, {"model": "products.galeria", "pk": 27, "fields": {"product": 27, "imagen": "morcilla-con-aceitunas-mediterranea_1ZkuUzO.jpg"}}, {"model": "products.galeria", "pk": 28, "fields": {"product": 28, "imagen": "morcilla-con-pasas-de-uva-espanola_NjXHhtI.jpg"}}, {"model": "products.galeria", "pk": 29, "fields": {"product": 29, "imagen": "morcilla-con-picante-mexicana_lU0djr0.jpg"}}, {"model": "products.galeria", "pk": 30, "fields": {"product": 30, "imagen": "combo-parrillero_EQkjKij.jpg"}}, {"model": "products.galeria", "pk": 31, "fields": {"product": 31, "imagen": "salchicha-super-pancho-envasada_BXWwFGT.jpg"}}, {"model": "products.galeria", "pk": 32, "fields": {"product": 32, "imagen": "pate-de-higado_SU8NnzF.jpg"}}, {"model": "products.galeria", "pk": 33, "fields": {"product": 33, "imagen": "pernil-de-cerdo_FpTVhlx.jpg"}}, {"model": "products.galeria", "pk": 34, "fields": {"product": 34, "imagen": "panceta-ahumada-en-fetas_k4wrRs9.jpg"}}, {"model": "products.galeria", "pk": 36, "fields": {"product": 35, "imagen": "pastrami-de-cerdo_qVMVNtZ.jpg"}}, {"model": "products.galeria", "pk": 37, "fields": {"product": 36, "imagen": "lomo-de-cerdo-condimentado_xKJ8m5Q.jpg"}}, {"model": "products.galeria", "pk": 38, "fields": {"product": 37, "imagen": "bife-de-chorizo-de-cerdo-condimentado_0VVUvJY.jpg"}}, {"model": "products.galeria", "pk": 39, "fields": {"product": 38, "imagen": "lomito-de-cerdo-condimentado_ziPzu08.jpg"}}, {"model": "products.galeria", "pk": 40, "fields": {"product": 39, "imagen": "tapa-cuadril-de-cerdo-condimentada_NmqJu2w.jpg"}}, {"model": "products.galeria", "pk": 41, "fields": {"product": 40, "imagen": "matambrito-de-cerdo-condimentado_Rdar0GL.jpg"}}, {"model": "products.galeria", "pk": 43, "fields": {"product": 42, "imagen": "Pastrami-de-cerdo-Feteado_PKGECO6.jpg"}}, {"model": "products.galeria", "pk": 44, "fields": {"product": 43, "imagen": "morcilla-tradicional_CNohD1w.jpg"}}, {"model": "products.galeria", "pk": 45, "fields": {"product": 44, "imagen": "bondiola-ahumada_P1XxObS.jpg"}}, {"model": "products.galeria", "pk": 46, "fields": {"product": 45, "imagen": "Costilla-ahumada_UPISA_3kPBzfn.jpg"}}, {"model": "products.galeria", "pk": 47, "fields": {"product": 46, "imagen": "lomito-de-cerdo-ahumado_Tj3wTTi.jpg"}}, {"model": "products.galeria", "pk": 48, "fields": {"product": 47, "imagen": "panceta-ahumada-entera_LOi2crP.jpg"}}, {"model": "products.galeria", "pk": 49, "fields": {"product": 48, "imagen": "bondiola-de-cerdo-al-natural_ujZFc0P.jpg"}}, {"model": "products.galeria", "pk": 50, "fields": {"product": 49, "imagen": "carre-de-cerdp_kE9662I.jpg"}}, {"model": "products.galeria", "pk": 51, "fields": {"product": 50, "imagen": "chuleta-de-cerdo_VinbUIu.jpg"}}, {"model": "products.galeria", "pk": 52, "fields": {"product": 51, "imagen": "costilla-de-cerdo-cortada_CgsG5y5.jpg"}}, {"model": "products.galeria", "pk": 53, "fields": {"product": 52, "imagen": "costilla-grill-de-cerdo_qI64vta.jpg"}}, {"model": "products.galeria", "pk": 54, "fields": {"product": 53, "imagen": "costilla-grill-entera_PRrpdXE.jpg"}}, {"model": "products.galeria", "pk": 55, "fields": {"product": 54, "imagen": "costilla-grill-popular_hFJj7lX.jpg"}}, {"model": "products.galeria", "pk": 56, "fields": {"product": 55, "imagen": "costilla-mega-ribbs_4J5jCWO.jpg"}}, {"model": "products.galeria", "pk": 57, "fields": {"product": 56, "imagen": "costilla-plancha-de-cerdo_RjthGKh.jpg"}}, {"model": "products.galeria", "pk": 58, "fields": {"product": 57, "imagen": "lomito-de-cerdo_AvMbsGT.jpg"}}, {"model": "products.galeria", "pk": 59, "fields": {"product": 58, "imagen": "lomo-de-cerdo_TyCsZcm.jpg"}}, {"model": "products.galeria", "pk": 60, "fields": {"product": 59, "imagen": "paleta-de-cerdo-con-hueso-sin-piel_YD9Dlr9.jpg"}}, {"model": "products.galeria", "pk": 61, "fields": {"product": 60, "imagen": "pierna-con-hueso-feteada_lGAozXC.jpg"}}, {"model": "products.galeria", "pk": 62, "fields": {"product": 61, "imagen": "pierna-con-hueso-sin-piel_x8HaUmu.jpg"}}, {"model": "products.galeria", "pk": 63, "fields": {"product": 62, "imagen": "grasa-de-cerdo_7yPyIli.jpg"}}, {"model": "products.galeria", "pk": 64, "fields": {"product": 63, "imagen": "grasa-de-cerdo-chico_GpPgWYE.jpg"}}, {"model": "products.galeria", "pk": 65, "fields": {"product": 64, "imagen": "hamburguesa-clasica-6-unidades_gK4E8Xp.jpg"}}, {"model": "products.galeria", "pk": 66, "fields": {"product": 65, "imagen": "hamburguesa-clasica-12-unidades_WPBLU06.jpg"}}, {"model": "products.galeria", "pk": 69, "fields": {"product": 68, "imagen": "mini-pack-parrillero_q1mgiNb.jpg"}}, {"model": "products.galeria", "pk": 70, "fields": {"product": 69, "imagen": "salchicha-a-granel_M1cSjnc.jpg"}}, {"model": "products.galeria", "pk": 71, "fields": {"product": 70, "imagen": "salchicha-con-queso_wU0AwSj.jpg"}}, {"model": "products.galeria", "pk": 72, "fields": {"product": 71, "imagen": "Pack-mixto_UPISA_xdL7Dms.jpg"}}, {"model": "products.galeria", "pk": 74, "fields": {"product": 73, "imagen": "Bola-de-lomo_UPISA_IqFIwpU.jpg"}}, {"model": "products.galeria", "pk": 75, "fields": {"product": 74, "imagen": "Bondiola-de-cerdo_xTcpJsC.jpg"}}, {"model": "products.galeria", "pk": 76, "fields": {"product": 75, "imagen": "Costilla-de-cerdo_q8YE0zV.jpg"}}, {"model": "products.galeria", "pk": 77, "fields": {"product": 76, "imagen": "pulpa-negra_qmTCv6S.jpg"}}, {"model": "products.galeria", "pk": 78, "fields": {"product": 77, "imagen": "Tapa-cuadril_UPISA_ZEAplm9.jpg"}}, {"model": "receta.receta", "pk": 1, "fields": {"nombre": "Milanesa de Cerdo", "nombre_es": "Milanesa de Cerdo", "nombre_en": null, "nombre_ru": null, "nombre_zh_hans": null, "url": "milanesa-de-cerdo", "portada": "Milanesa-de-cerdo_ZidD45w.jpg", "tiempo_preparacion": "33 minutos", "porcion_personas": 4, "descripcion": "", "descripcion_es": "", "descripcion_en": "", "descripcion_ru": "", "descripcion_zh_hans": "", "ingredientes": "4 filetes de lomo de cerdo cortado de 100 g cada uno\r\n1 diente de ajo pelado y finamente picado\r\nZumo de 1 limón\r\n1/2 cucharadita pimienta negra\r\n1 tazas de pan tostado rallado o miga de pan \r\n4 cucharadas de harina de trigo\r\n2 huevos enteros batidos", "ingredientes_es": "4 filetes de lomo de cerdo cortado de 100 g cada uno\r\n1 diente de ajo pelado y finamente picado\r\nZumo de 1 limón\r\n1/2 cucharadita pimienta negra\r\n1 tazas de pan tostado rallado o miga de pan \r\n4 cucharadas de harina de trigo\r\n2 huevos enteros batidos", "ingredientes_en": "", "ingredientes_ru": "", "ingredientes_zh_hans": "", "preparacion": "1.  En un tazón pon los filetes de lomo de cerdo y marinar con ajo, el zumo de limón y la pimienta, tapa con papel de cocina y reserva en la nevera por 10 minutos.\r\n2.  Pon la miga de pan en una refractaria, en otra los huevos batidos y en otra la harina de trigo.\r\n3.  Pasa primero las milanesas de cerdo por la harina de trigo, después por el huevo batido y por último por la miga de pan. \r\n4.  Aparte en una sartén calienta aceite por 10 minutos a fuego medio,\r\n5.  añade de a dos milanesas de cerdo para que no se baje la temperatura del aceite, fríe hasta que estén bien doradas y crocantes, así hasta terminar con todas las milanesas. \r\n6.  Retira de la sartén y pon en papel absorbente para retirar el exceso de grasa.", "preparacion_es": "1.  En un tazón pon los filetes de lomo de cerdo y marinar con ajo, el zumo de limón y la pimienta, tapa con papel de cocina y reserva en la nevera por 10 minutos.\r\n2.  Pon la miga de pan en una refractaria, en otra los huevos batidos y en otra la harina de trigo.\r\n3.  Pasa primero las milanesas de cerdo por la harina de trigo, después por el huevo batido y por último por la miga de pan. \r\n4.  Aparte en una sartén calienta aceite por 10 minutos a fuego medio,\r\n5.  añade de a dos milanesas de cerdo para que no se baje la temperatura del aceite, fríe hasta que estén bien doradas y crocantes, así hasta terminar con todas las milanesas. \r\n6.  Retira de la sartén y pon en papel absorbente para retirar el exceso de grasa.", "preparacion_en": "", "preparacion_ru": "", "preparacion_zh_hans": "", "productos_sugeridos": []}}, {"model": "receta.receta", "pk": 10, "fields": {"nombre": "Mbejú relleno de jamón y queso", "nombre_es": "Mbejú relleno de jamón y queso", "nombre_en": null, "nombre_ru": null, "nombre_zh_hans": null, "url": "mbeju-relleno-de-jamon-y-queso", "portada": "mbeju-relleno.jpg", "tiempo_preparacion": "30 minutos", "porcion_personas": 5, "descripcion": "", "descripcion_es": "", "descripcion_en": "", "descripcion_ru": "", "descripcion_zh_hans": "", "ingredientes": "Jamonada UPISA\r\nQueso para sándwich\r\n¼ almidón\r\nHarina de maíz 2 puñitos\r\nSal a gusto\r\n½ taza de leche\r\n1 cucharada de manteca", "ingredientes_es": "Jamonada UPISA\r\nQueso para sándwich\r\n¼ almidón\r\nHarina de maíz 2 puñitos\r\nSal a gusto\r\n½ taza de leche\r\n1 cucharada de manteca", "ingredientes_en": "", "ingredientes_ru": "", "ingredientes_zh_hans": "", "preparacion": "Derretir la manteca a baño María o en un microondas, si lo haces en un microondas verifica cada segundo hasta que quede completamente líquido.\r\nIncorporar el almidón con la manteca derretida, mezcla bien. Luego agregar la leche de a poquito. Por último, el harina de maíz. La mezcla de la masa del mbeju no debe ser líquida\r\nTe darás cuenta de que la masa ya está cuando intentes hacer un molde con el y se te deshace con gran rapidez.\r\nAgregar el queso y la sal. Luego calentar la sartén con un poquito de aceite limpiar la sartén con una servilleta o papel de cocina, y cuando esté bien caliente la sartén agregar la masa del mbeju.\r\nNo agregar demasiada masa, no debe ser muy gruesa o no se cocinara bien, ni muy fina o será horrible. Ayúdate con una cuchara y aplasta los bordes con delicadeza, logrando que quede un círculo más o menos bien formado. Agregar el jamón y el queso y agregar un poco más de masa.\r\nCuando muevas la sartén y notes que la masa se desliza fácilmente en la sartén, debes dar la vuelta la masa, y dejar cocinar unos segundos más, siempre a fuego lento.\r\nPresiona suavemente para que la masa se junte mejor.\r\nCuando los dos lados estén bien dorados el mbeju estará listo.", "preparacion_es": "Derretir la manteca a baño María o en un microondas, si lo haces en un microondas verifica cada segundo hasta que quede completamente líquido.\r\nIncorporar el almidón con la manteca derretida, mezcla bien. Luego agregar la leche de a poquito. Por último, el harina de maíz. La mezcla de la masa del mbeju no debe ser líquida\r\nTe darás cuenta de que la masa ya está cuando intentes hacer un molde con el y se te deshace con gran rapidez.\r\nAgregar el queso y la sal. Luego calentar la sartén con un poquito de aceite limpiar la sartén con una servilleta o papel de cocina, y cuando esté bien caliente la sartén agregar la masa del mbeju.\r\nNo agregar demasiada masa, no debe ser muy gruesa o no se cocinara bien, ni muy fina o será horrible. Ayúdate con una cuchara y aplasta los bordes con delicadeza, logrando que quede un círculo más o menos bien formado. Agregar el jamón y el queso y agregar un poco más de masa.\r\nCuando muevas la sartén y notes que la masa se desliza fácilmente en la sartén, debes dar la vuelta la masa, y dejar cocinar unos segundos más, siempre a fuego lento.\r\nPresiona suavemente para que la masa se junte mejor.\r\nCuando los dos lados estén bien dorados el mbeju estará listo.", "preparacion_en": "", "preparacion_ru": "", "preparacion_zh_hans": "", "productos_sugeridos": []}}, {"model": "receta.receta", "pk": 11, "fields": {"nombre": "SOPA PARAGUAYA RELLENA", "nombre_es": "SOPA PARAGUAYA RELLENA", "nombre_en": null, "nombre_ru": null, "nombre_zh_hans": null, "url": "sopa-paraguaya-rellena", "portada": "Sopa-paraguaya-rellena-de-bondiola.jpg", "tiempo_preparacion": "1 Hs. 29 min.", "porcion_personas": 10, "descripcion": "", "descripcion_es": "", "descripcion_en": "", "descripcion_ru": "", "descripcion_zh_hans": "", "ingredientes": "1 paquete de Toscanas UPISA\r\n 1 locote verde \r\n2 cebollaS \r\n500 grs de harina de maíz Leche c/n \r\n250 grs de queso \r\n4 huevos \r\nSal y pimienta \r\n100 grs de Manteca \r\n1/4 de cda de polvo de hornear", "ingredientes_es": "1 paquete de Toscanas UPISA\r\n 1 locote verde \r\n2 cebollaS \r\n500 grs de harina de maíz Leche c/n \r\n250 grs de queso \r\n4 huevos \r\nSal y pimienta \r\n100 grs de Manteca \r\n1/4 de cda de polvo de hornear", "ingredientes_en": "", "ingredientes_ru": "", "ingredientes_zh_hans": "", "preparacion": "1. En una sartén con una cucharada de Manteca saltear la cebolla finamente picada luego reservar.\r\n2. En esa misma sartén saltear el chorizo sin el envoltorio y con la otra cebolla y el locote picados finamente.\r\n3. En un bol agregar harina de maíz, los huevos, sal, manteca, leche queso Paraguay y el polvo de hornear.\r\n4. Mezclar bien, agregar la cebolla salteada.\r\n5. Disponer una capa del preparado en una fuente aceitada luego el relleno de los toscanos luego cubrir nuevamente\r\n6. Hornear 35 minutos 180 grados.", "preparacion_es": "1. En una sartén con una cucharada de Manteca saltear la cebolla finamente picada luego reservar.\r\n2. En esa misma sartén saltear el chorizo sin el envoltorio y con la otra cebolla y el locote picados finamente.\r\n3. En un bol agregar harina de maíz, los huevos, sal, manteca, leche queso Paraguay y el polvo de hornear.\r\n4. Mezclar bien, agregar la cebolla salteada.\r\n5. Disponer una capa del preparado en una fuente aceitada luego el relleno de los toscanos luego cubrir nuevamente\r\n6. Hornear 35 minutos 180 grados.", "preparacion_en": "", "preparacion_ru": "", "preparacion_zh_hans": "", "productos_sugeridos": []}}, {"model": "receta.receta", "pk": 12, "fields": {"nombre": "Costilla de cerdo con salsa Barbecue", "nombre_es": "Costilla de cerdo con salsa Barbecue", "nombre_en": null, "nombre_ru": null, "nombre_zh_hans": null, "url": "costilla-de-cerdo-con-salsa-barbecue", "portada": "Asado-Americano-con-salsa-barbecue.jpg", "tiempo_preparacion": "2 Hs. 30 min.", "porcion_personas": 6, "descripcion": "", "descripcion_es": "", "descripcion_en": "", "descripcion_ru": "", "descripcion_zh_hans": "", "ingredientes": "2 kilos de costilla de cerdo\t\r\n1 pizca de pimienta\r\n2 cucharadas de azúcar morena\r\n2 cucharadas de salsa inglesa\r\n1 cucharada de vinagre\r\n1 gota de salsa tabasco\r\n1 cucharadita de polvo de ajo\r\n1/4 cucharaditas de mostaza en polvo\r\n1/4 cucharaditas de sal\r\n1/2 tazas de salsa cátsup", "ingredientes_es": "2 kilos de costilla de cerdo\t\r\n1 pizca de pimienta\r\n2 cucharadas de azúcar morena\r\n2 cucharadas de salsa inglesa\r\n1 cucharada de vinagre\r\n1 gota de salsa tabasco\r\n1 cucharadita de polvo de ajo\r\n1/4 cucharaditas de mostaza en polvo\r\n1/4 cucharaditas de sal\r\n1/2 tazas de salsa cátsup", "ingredientes_en": "", "ingredientes_ru": "", "ingredientes_zh_hans": "", "preparacion": "1. Con una noche de anticipación se ponen las costillas en un pyrex junto con la salsa barbecue y se cubren en la salsa. Se dejan marinar toda la noche.\r\n2. Al día siguiente, se sacan las costillas y se envuelven en papel de aluminio (junto con la salsa) y se cierran bien para que estén cubiertas en el papel de aluminio como paquetitos.\r\n3. Se prende el horno a 150 grados.\r\n4. Se meten los paquetes de costillas al horno sobre una charola para hornear por dos horas.\r\n5. Pasadas las 2 horas, se sacan del horno y se ponen sobre la parrilla a temperatura media-alta.\r\n6. Se barnizan sobre la parrilla con más salsa barbecue y se deja que se caramelicen por fuera un poco, unos 10 minutos por cada lado.\r\n7. Se cortan en porciones individuales y se sirven.\r\nTIP: Si deseas hacer tu propia salsa barbecue mezcla la catsup, azúcar morena, salsa worcestershire, vinagre, tabasco, ajo en polvo, mostaza en polvo y sal.", "preparacion_es": "1. Con una noche de anticipación se ponen las costillas en un pyrex junto con la salsa barbecue y se cubren en la salsa. Se dejan marinar toda la noche.\r\n2. Al día siguiente, se sacan las costillas y se envuelven en papel de aluminio (junto con la salsa) y se cierran bien para que estén cubiertas en el papel de aluminio como paquetitos.\r\n3. Se prende el horno a 150 grados.\r\n4. Se meten los paquetes de costillas al horno sobre una charola para hornear por dos horas.\r\n5. Pasadas las 2 horas, se sacan del horno y se ponen sobre la parrilla a temperatura media-alta.\r\n6. Se barnizan sobre la parrilla con más salsa barbecue y se deja que se caramelicen por fuera un poco, unos 10 minutos por cada lado.\r\n7. Se cortan en porciones individuales y se sirven.\r\nTIP: Si deseas hacer tu propia salsa barbecue mezcla la catsup, azúcar morena, salsa worcestershire, vinagre, tabasco, ajo en polvo, mostaza en polvo y sal.", "preparacion_en": "", "preparacion_ru": "", "preparacion_zh_hans": "", "productos_sugeridos": []}}, {"model": "receta.receta", "pk": 13, "fields": {"nombre": "MATAMBRITO RELLENO CON ENSALADA DE MANDIOCA", "nombre_es": "MATAMBRITO RELLENO CON ENSALADA DE MANDIOCA", "nombre_en": null, "nombre_ru": null, "nombre_zh_hans": null, "url": "matambrito-relleno-con-ensalada-de-mandioca", "portada": "Matambrito-relleno.jpg", "tiempo_preparacion": "1 Hs. 30 min.", "porcion_personas": 8, "descripcion": "", "descripcion_es": "", "descripcion_en": "", "descripcion_ru": "", "descripcion_zh_hans": "", "ingredientes": "1 matambrito de cerdo UPISA \r\n1 locote rojo \r\n1 locote verde \r\n1 locote amarillo \r\n1 mandioca cocinada \r\n2 tomates yogur natural \r\nsal y pimienta \r\n1 apio \r\n1 cebolla \r\nhilo de ferreteria", "ingredientes_es": "1 matambrito de cerdo UPISA \r\n1 locote rojo \r\n1 locote verde \r\n1 locote amarillo \r\n1 mandioca cocinada \r\n2 tomates yogur natural \r\nsal y pimienta \r\n1 apio \r\n1 cebolla \r\nhilo de ferreteria", "ingredientes_en": "", "ingredientes_ru": "", "ingredientes_zh_hans": "", "preparacion": "1. Cortar los locotes en julianas, estirar el matambre y disponer los locotes sobre el matambre, enrollar y sujetar con hilo de ferreteria.\r\n2. Sellar en la sarten y luego enviar al horno a 220 grados por 15 minutos. \r\n3. Cortar la mandioca en cubos, y colocar en un bol junto con los tomates apio cebolla, todos finamente picados verter el yogur natural y sazonar a gusto.", "preparacion_es": "1. Cortar los locotes en julianas, estirar el matambre y disponer los locotes sobre el matambre, enrollar y sujetar con hilo de ferreteria.\r\n2. Sellar en la sarten y luego enviar al horno a 220 grados por 15 minutos. \r\n3. Cortar la mandioca en cubos, y colocar en un bol junto con los tomates apio cebolla, todos finamente picados verter el yogur natural y sazonar a gusto.", "preparacion_en": "", "preparacion_ru": "", "preparacion_zh_hans": "", "productos_sugeridos": []}}, {"model": "receta.receta", "pk": 14, "fields": {"nombre": "Bife de Chorizo Adobado al Romero", "nombre_es": "Bife de Chorizo Adobado al Romero", "nombre_en": null, "nombre_ru": null, "nombre_zh_hans": null, "url": "bife-de-chorizo-adobado-al-romero", "portada": "BIFE-DE-CHORIZO-1.jpg", "tiempo_preparacion": "1 Hs. 45 min.", "porcion_personas": 4, "descripcion": "", "descripcion_es": "", "descripcion_en": "", "descripcion_ru": "", "descripcion_zh_hans": "", "ingredientes": "1Kg. Bife de Chorizo\r\n80g. de Manteca\r\n5 Dientes de ajo\r\n1 maso Romero\r\nAceite de Oliva\r\nPimienta Negra c/n", "ingredientes_es": "1Kg. Bife de Chorizo\r\n80g. de Manteca\r\n5 Dientes de ajo\r\n1 maso Romero\r\nAceite de Oliva\r\nPimienta Negra c/n", "ingredientes_en": "", "ingredientes_ru": "", "ingredientes_zh_hans": "", "preparacion": "1. Precaliente el horno. Forre una asadera con papel aluminio. En un bol pequeño, mezcle el romero, el ajo, la mitad de la pimienta y el aceite.\r\n2. Con un cuchillo filoso, haga 12 cortes, de 2 cm. de largo y 3 cm. de profundidad, en la parte superior de la carne.\r\n3. Abra las cavidades y llénelas con 1/4 de cucharadira de la mezcla de ajo y hiervas.\r\n4. Espolvoree en la carne el resto de esta mezcla y la sal y pimienta que quedó. Ase la carne sobre la rejilla en la asadera, por 1h 20 minutos, si le gusta jugosa o 10 minutos más cocida. Déjela reposar 10 minutos antes de cortarla.", "preparacion_es": "1. Precaliente el horno. Forre una asadera con papel aluminio. En un bol pequeño, mezcle el romero, el ajo, la mitad de la pimienta y el aceite.\r\n2. Con un cuchillo filoso, haga 12 cortes, de 2 cm. de largo y 3 cm. de profundidad, en la parte superior de la carne.\r\n3. Abra las cavidades y llénelas con 1/4 de cucharadira de la mezcla de ajo y hiervas.\r\n4. Espolvoree en la carne el resto de esta mezcla y la sal y pimienta que quedó. Ase la carne sobre la rejilla en la asadera, por 1h 20 minutos, si le gusta jugosa o 10 minutos más cocida. Déjela reposar 10 minutos antes de cortarla.", "preparacion_en": "", "preparacion_ru": "", "preparacion_zh_hans": "", "productos_sugeridos": []}}, {"model": "receta.galeria", "pk": 1, "fields": {"imagen": "Milanesa-de-cerdo_IFn9k3P.jpg", "receta": 1}}, {"model": "receta.galeria", "pk": 10, "fields": {"imagen": "mbeju-relleno_4QbJSN2.jpg", "receta": 10}}, {"model": "receta.galeria", "pk": 11, "fields": {"imagen": "Sopa-paraguaya-rellena-de-bondiola_bvgd6qO.jpg", "receta": 11}}, {"model": "receta.galeria", "pk": 12, "fields": {"imagen": "Asado-Americano-con-salsa-barbecue_P8e0wms.jpg", "receta": 12}}, {"model": "receta.galeria", "pk": 13, "fields": {"imagen": "Matambrito-relleno_CC1wIXp.jpg", "receta": 13}}, {"model": "receta.galeria", "pk": 14, "fields": {"imagen": "Matambrito-relleno_vzA7X2T.jpg", "receta": 14}}]